record_kind,seed,family,clock_scheme,case,source_file,source_link,source_sha256,current_run_status,saved,example_file,example_link,ifcn_sha256,candidate_sha256,qca_sha256,width,height,area_tiles,qca_cells,drc_status,source_logic_status,source_vectors_checked,mapping_status,physical_status,physical_model,physical_coverage,physical_vectors,possible_vectors,hold_cycles,samples_per_cycle,passes,checked_tail_cycles,polarization_threshold,hold_samples_checked,initiation_interval_epochs,provenance,current_mapper_qca_identity,evidence_location,evidence_sha256,failure_reason,selection_note,current_run_evidence_location,current_run_evidence_sha256,physical_evidence_location,physical_evidence_sha256,pre_encoding_ifcn_sha256
main_run,,irregular,irregular,TOY__1bitAdderAOIG,tests/benchmarks_f/TOY/1bitAdderAOIG.v,../tests/benchmarks_f/TOY/1bitAdderAOIG.v,cbc0b3bc38b5e5545d785db580560b14c14bdbf90559297b29b8c97a1656a3ce,validated,True,examples/irregular/TOY/1bitAdderAOIG.ifcn,../examples/irregular/TOY/1bitAdderAOIG.ifcn,290fe00fc235592ae16898173ed87be61d2842c981157c33f758e64723eb7f13,f088f6e356fce115f98b68cf02934d45a9abdcb9d188390ced5c55d60434fd68,84bdf97eda7aafecb1400aaaf51ad206d4205c4fb24d9409ec63e284c1e72a0e,6,14,84,420,passed,equivalent,8,passed,passed_exhaustive,Bistable,exhaustive,8,8,8,128,2,3,0.5,6240,,main_candidate_pool,True,output/irregular-consolidation/unified-repaired-physical/cases/TOY__1bitAdderAOIG/candidate_000005/audit.json,eb147a6fd0a286e7e3e779ba5e36a591a1120c01d460cf3745df5041d6f400c2,,"Minimum area, actual cells, route length among currently mapped, recorded physical passes with identical source bytes; only the circuit title now matches the example filename, remapped QCA bytes are identical; metadata uses the unified algorithm name and actual mapped cell count; geometry/phases/I/O and QCA bytes are unchanged; Phase map encoded as 4x4 packed hex; geometry unchanged; current-mapper QCA bytes and SHA-256 identical before/after encoding.",,,,,1c95ea487f4847804d7e763ea249c6494328e3d73e3807f9acdee98cb761c33d
main_run,,irregular,irregular,TOY__1bitAdderMaj,tests/benchmarks_f/TOY/1bitAdderMaj.v,../tests/benchmarks_f/TOY/1bitAdderMaj.v,8ef091e5b42ceabe3f68ba45a1c63388f1aacb4c84c9fb83711414ace2ccfb0f,validated,True,examples/irregular/TOY/1bitAdderMaj.ifcn,../examples/irregular/TOY/1bitAdderMaj.ifcn,19caeb1264b4e2868b3844355bbc2bb0dcb9d62d0c11bdc965f67eb1e3abd898,360f509df14a8fe97550fb5f00cad3bc33b81bb39163cfb3c5a1b72384053244,77c23ff956adf75920708e05b529387bd7d4918a33f207c6ebf4d10f5d30bc3e,4,10,40,260,passed,equivalent,8,passed,passed_exhaustive,Bistable,exhaustive,8,8,8,128,2,3,0.5,3120,,main_candidate_pool,True,output/irregular-consolidation/unified-repaired-physical/cases/TOY__1bitAdderMaj/candidate_000005/audit.json,d8f0c86aa9d226f451d395328b3c220e890689d6390ee2a4da2c18b3da60e668,,"Minimum area, actual cells, route length among currently mapped, recorded physical passes with identical source bytes; only the circuit title now matches the example filename, remapped QCA bytes are identical; metadata uses the unified algorithm name and actual mapped cell count; geometry/phases/I/O and QCA bytes are unchanged; Phase map encoded as 4x4 packed hex; geometry unchanged; current-mapper QCA bytes and SHA-256 identical before/after encoding.",,,,,efc20b01abb53b7e1e49022c864d32366b1ab3fa762caafc368d37e5e8965422
main_run,,irregular,irregular,TOY__RCA2,tests/benchmarks_f/TOY/RCA2.v,../tests/benchmarks_f/TOY/RCA2.v,6bb7bb0f8df4d153052a87050e75049a3fbfb80ee2fa4bb27e3c0e06dae7dc51,validated,True,examples/irregular/TOY/RCA2__drc_only.ifcn,../examples/irregular/TOY/RCA2__drc_only.ifcn,eacf22666bac46bf4f1c0c7f1ac53571536b45872e607895c671567971b9431e,c6bbe8c748824561af8a3423774bbed27fa8335ed366d33659123d01ac487e62,a5bde501359768faf15d737d9e2ed005f24203aaf356011f1cfefba018220c74,24,38,912,2156,passed,equivalent,32,passed,failed,Bistable,exhaustive,32,32,10,128,2,3,0.5,37440,,current_default_DRC_only,True,output/irregular-consolidation/unified-repaired-physical/cases/TOY__RCA2/selection.json,00122198c3201f6c72ff77cdba061dd41a197a8c482302a3afc8ca175cbbc2d2,Recorded settled physical truth failure,"Minimum DRC-valid area/cells/route length in current recorded candidates; physical failure explicitly retained; only the circuit title now matches the example filename, remapped QCA bytes are identical; metadata uses the unified algorithm name and actual mapped cell count; geometry/phases/I/O and QCA bytes are unchanged; Phase map encoded as 4x4 packed hex; geometry unchanged; current-mapper QCA bytes and SHA-256 identical before/after encoding.",,,,,9d2153c0cf1bca2cd43cfea594a13079638f444a156e94ccc0b8e9e6591614d4
main_run,,irregular,irregular,TOY__b1_r2,tests/benchmarks_f/TOY/b1_r2.v,../tests/benchmarks_f/TOY/b1_r2.v,e3a30eca140d42e477c7a20e5827cbcf331eabf1c02acf00f49e33b7dcc9fe6c,validated,True,examples/irregular/TOY/b1_r2.ifcn,../examples/irregular/TOY/b1_r2.ifcn,455559c3305c6d235955cd758959881d6195e7471f43e001685d0de171330715,17cdda19bafb28dd8b79f7677397dc592ec16c609956f3a8bf4a8dde4113f975,2274c188350524e2d923effc36302ee734f9a1147eee99bb56845a2058454c7d,10,17,170,716,passed,equivalent,8,passed,passed_exhaustive,Bistable,exhaustive,8,8,8,128,2,3,0.5,12480,,historical_current_mapper_revalidation,True,output/historical-minima-remapped/cases/TOY__b1_r2/result.json,1b6907652838ae3fdfb1ee7c90d2c7934b00a7fa244b5bc3ef0bd215ccadb9c5,,"Minimum area, actual cells, route length among currently mapped, recorded physical passes with identical source bytes; only the circuit title now matches the example filename, remapped QCA bytes are identical; metadata uses the unified algorithm name and actual mapped cell count; geometry/phases/I/O and QCA bytes are unchanged; Phase map encoded as 4x4 packed hex; geometry unchanged; current-mapper QCA bytes and SHA-256 identical before/after encoding.",,,,,bd415c01e818391dae8dcc55ef1d59f253e3924b0e5fe89afb642f1ad2068272
main_run,,irregular,irregular,TOY__clpl,tests/benchmarks_f/TOY/clpl.v,../tests/benchmarks_f/TOY/clpl.v,de7d65ca4373d2ed5089fa702ac40349d963ebdd3eb78e0d8c74013d284f5f62,validated,True,examples/irregular/TOY/clpl.ifcn,../examples/irregular/TOY/clpl.ifcn,f6f47169af0f0f85e1ed0b7140546633b34e301440092eb18648b4fcf14577af,f9a4ca5b94f7ffb2caccd3862cc4537a778c68966e7dfff3ba97a77626a1e263,92f8d6b35060f4b3a08ef261530286ed572b651604ecfc669ede0908c21113d4,13,16,208,708,passed,equivalent,2048,passed,passed_sampled,Bistable,sampled,32,2048,8,128,2,3,0.5,62400,,main_candidate_pool,True,output/irregular-consolidation/unified-repaired-physical/cases/TOY__clpl/candidate_000015/audit.json,3bd7c9fe199d0bc4e6cd96a0515fc1ead0014de0cf5ba5251b9b692fad4fb959,,"Minimum area, actual cells, route length among currently mapped, recorded physical passes with identical source bytes; only the circuit title now matches the example filename, remapped QCA bytes are identical; metadata uses the unified algorithm name and actual mapped cell count; geometry/phases/I/O and QCA bytes are unchanged; Phase map encoded as 4x4 packed hex; geometry unchanged; current-mapper QCA bytes and SHA-256 identical before/after encoding.",,,,,33a1095a1a09bb751a8e3938ac9620d2bf0e151f46575ac79fea758c71103151
main_run,,irregular,irregular,TOY__clpl_source_generate__clpl_source,tests/benchmarks_f/TOY/clpl_source_generate/clpl_source.v,../tests/benchmarks_f/TOY/clpl_source_generate/clpl_source.v,de7d65ca4373d2ed5089fa702ac40349d963ebdd3eb78e0d8c74013d284f5f62,validated,True,examples/irregular/TOY/clpl_source_generate/clpl_source.ifcn,../examples/irregular/TOY/clpl_source_generate/clpl_source.ifcn,956d1ed715fc7abe31d9d70cbb66d4117c756ea9fa5fb4202a9d25c5266042ec,f9a4ca5b94f7ffb2caccd3862cc4537a778c68966e7dfff3ba97a77626a1e263,92f8d6b35060f4b3a08ef261530286ed572b651604ecfc669ede0908c21113d4,13,16,208,708,passed,equivalent,2048,passed,passed_sampled,Bistable,sampled,32,2048,8,128,2,3,0.5,62400,,main_candidate_pool,True,output/irregular-consolidation/unified-repaired-physical/cases/TOY__clpl/candidate_000015/audit.json,3bd7c9fe199d0bc4e6cd96a0515fc1ead0014de0cf5ba5251b9b692fad4fb959,,"Minimum area, actual cells, route length among currently mapped, recorded physical passes with identical source bytes; only the circuit title now matches the example filename, remapped QCA bytes are identical; metadata uses the unified algorithm name and actual mapped cell count; geometry/phases/I/O and QCA bytes are unchanged; Phase map encoded as 4x4 packed hex; geometry unchanged; current-mapper QCA bytes and SHA-256 identical before/after encoding.",,,,,1c01ca1147f71eeb7dc4d39d9535e2bd326ed8f463513c668ab3bebcfeab0f38
main_run,,irregular,irregular,TOY__mux21,tests/benchmarks_f/TOY/mux21.v,../tests/benchmarks_f/TOY/mux21.v,0e439672e33b02fc619a7288e9b711e416a1566b7ac410d5cbf7b9e52fbad8c2,validated,True,examples/irregular/TOY/mux21.ifcn,../examples/irregular/TOY/mux21.ifcn,834fd6393ebfd60fa07e65381874017918b5a43e224259377b12ed05722f9d8a,7d627a13d7616e8d509983666082503a8849cb7873ef36cfe33e341c9d320b70,3d68a7d0054c5ef6d028cd2accfbfc2832ad24bb2a4927b858ad15ccdfdc1aa6,4,4,16,71,passed,equivalent,8,passed,passed_exhaustive,Bistable,exhaustive,8,8,8,128,2,3,0.5,3120,,main_candidate_pool,True,output/irregular-consolidation/unified-repaired-physical/cases/TOY__mux21/candidate_000017/audit.json,8369b8d7db5219947cb7652727ee1afdbb018e39b9f919cc605198e0dde041f3,,"Minimum area, actual cells, route length among currently mapped, recorded physical passes with identical source bytes; only the circuit title now matches the example filename, remapped QCA bytes are identical; metadata uses the unified algorithm name and actual mapped cell count; geometry/phases/I/O and QCA bytes are unchanged; Phase map encoded as 4x4 packed hex; geometry unchanged; current-mapper QCA bytes and SHA-256 identical before/after encoding.",,,,,f3624ebf2d70a069a766fadecade2939e218c33b4d91bc7523292d7edf838935
main_run,,irregular,irregular,TOY__mux41,tests/benchmarks_f/TOY/mux41.v,../tests/benchmarks_f/TOY/mux41.v,b8743fb320684d98b30060ee5a5b70ab5099ec814906e78680ca71c36f014959,validated,True,examples/irregular/TOY/mux41.ifcn,../examples/irregular/TOY/mux41.ifcn,5d72b4554512bc994cd312eda8dc8e611bbcba38eb4eecbb7361e5ce48ee21da,ac0a3faad674a8d47976539b8892d21cbb619230a32e6f2a80f1f93cd666ab23,ae5481aeadcafa5af6a0a82c5bfb0dbbbcb578a122ce751ef98636572cc485f5,16,11,176,596,passed,equivalent,64,passed,passed_exhaustive,Bistable,exhaustive,64,64,8,128,2,3,0.5,24960,,finite_D4_supplement,True,output/mux-symmetry-experiment/reflect_x_rotate90/exhaustive/audit.json,60f2b3586345a109fc0cb20191751a2ffe1a878dcd6c8febad4ca920fe0c3c0b,,"Minimum area, actual cells, route length among currently mapped, recorded physical passes with identical source bytes; only the circuit title now matches the example filename, remapped QCA bytes are identical; metadata uses the unified algorithm name and actual mapped cell count; geometry/phases/I/O and QCA bytes are unchanged; Phase map encoded as 4x4 packed hex; geometry unchanged; current-mapper QCA bytes and SHA-256 identical before/after encoding.",,,,,4d6e5fbe75a7b7eeff89a8ec9b1a9d7d43ecb7e1b87312325ff10821d90f2e72
main_run,,irregular,irregular,TOY__mux41_source_generate__mux41_source,tests/benchmarks_f/TOY/mux41_source_generate/mux41_source.v,../tests/benchmarks_f/TOY/mux41_source_generate/mux41_source.v,b8743fb320684d98b30060ee5a5b70ab5099ec814906e78680ca71c36f014959,validated,True,examples/irregular/TOY/mux41_source_generate/mux41_source.ifcn,../examples/irregular/TOY/mux41_source_generate/mux41_source.ifcn,7f51cd6cbc46178b9ae934b3089a73834bb4d1f8896719f7b8312ee9320c9199,ac0a3faad674a8d47976539b8892d21cbb619230a32e6f2a80f1f93cd666ab23,ae5481aeadcafa5af6a0a82c5bfb0dbbbcb578a122ce751ef98636572cc485f5,16,11,176,596,passed,equivalent,64,passed,passed_exhaustive,Bistable,exhaustive,64,64,8,128,2,3,0.5,24960,,finite_D4_supplement,True,output/mux-symmetry-experiment/reflect_x_rotate90/exhaustive/audit.json,60f2b3586345a109fc0cb20191751a2ffe1a878dcd6c8febad4ca920fe0c3c0b,,"Minimum area, actual cells, route length among currently mapped, recorded physical passes with identical source bytes; only the circuit title now matches the example filename, remapped QCA bytes are identical; metadata uses the unified algorithm name and actual mapped cell count; geometry/phases/I/O and QCA bytes are unchanged; Phase map encoded as 4x4 packed hex; geometry unchanged; current-mapper QCA bytes and SHA-256 identical before/after encoding.",,,,,c20a9991bcb5368af5fffd1caecd490fecb345471a831addf6657a4c68419412
main_run,,irregular,irregular,TOY__newtag,tests/benchmarks_f/TOY/newtag.v,../tests/benchmarks_f/TOY/newtag.v,a14bc5854351fe03b12f3e0975cb426e6a843ac263bf47073df2f89fe749c754,validated,True,examples/irregular/TOY/newtag.ifcn,../examples/irregular/TOY/newtag.ifcn,e51309c112265c83082af9d45d862663258fa337f86eb94fbb35a1c5a5c4aa2c,87f37b35c4381cacbf73d99354cd33e74d56f656fee0c99544f5837fb929211a,986f5c7269e7bc3dee6195a71bac66a9704c6d427394825679312d0a1f494033,10,11,110,447,passed,equivalent,256,passed,passed_sampled,Bistable,sampled,32,256,8,128,2,3,0.5,12480,,main_candidate_pool,True,output/irregular-consolidation/unified-repaired-physical/cases/TOY__newtag/candidate_000010/audit.json,a72dd2128a2ae7607d5f6e287f5e4975a2fcb527a1bac05ddf1729c6458197f9,,"Minimum area, actual cells, route length among currently mapped, recorded physical passes with identical source bytes; only the circuit title now matches the example filename, remapped QCA bytes are identical; metadata uses the unified algorithm name and actual mapped cell count; geometry/phases/I/O and QCA bytes are unchanged; Phase map encoded as 4x4 packed hex; geometry unchanged; current-mapper QCA bytes and SHA-256 identical before/after encoding.",,,,,65e52c98e7aca49f3405b04114829988b788726a13f904c2aa657a0c578a0d9a
main_run,,irregular,irregular,TOY__paper_2ddwave_carry_demo,tests/benchmarks_f/TOY/paper_2ddwave_carry_demo.v,../tests/benchmarks_f/TOY/paper_2ddwave_carry_demo.v,6ca095f8078db5c78fe54863b447481defad26aad1b8d9f061f0d0d2d0a3c8d3,validated,True,examples/irregular/TOY/paper_2ddwave_carry_demo.ifcn,../examples/irregular/TOY/paper_2ddwave_carry_demo.ifcn,95c6984770550e7b243308ddfa2db3fc1f2b562642548070fddbae43e8fdb7db,8e7bfd9a274a24e504f81bc21b72f4032090e599d99904e97d06a6fc05b38d99,c671d8e99be73d0a99d8d159144e581aea5c07bf95f1d3489cd9433a6c14175c,5,7,35,164,passed,equivalent,8,passed,passed_exhaustive,Bistable,exhaustive,8,8,8,128,2,3,0.5,3120,,main_candidate_pool,True,output/irregular-consolidation/unified-repaired-physical/cases/TOY__paper_2ddwave_carry_demo/candidate_000017/audit.json,c8ee8f92214a91ff769ac3218795fc86cd234cf79fcef49432b61d00e9cc471b,,"Minimum area, actual cells, route length among currently mapped, recorded physical passes with identical source bytes; only the circuit title now matches the example filename, remapped QCA bytes are identical; metadata uses the unified algorithm name and actual mapped cell count; geometry/phases/I/O and QCA bytes are unchanged; Phase map encoded as 4x4 packed hex; geometry unchanged; current-mapper QCA bytes and SHA-256 identical before/after encoding.",,,,,39fecbbd581c4c91c4e7ef185b20164bc20d1bed0bd20173fad1f577ff80819f
main_run,,irregular,irregular,TOY__paper_2ddwave_crossing_demo,tests/benchmarks_f/TOY/paper_2ddwave_crossing_demo.v,../tests/benchmarks_f/TOY/paper_2ddwave_crossing_demo.v,d471dfe2cfa54e7db65277d0e1a4f0b5f0a5f9e4d0db19ae1a81f431fc669e18,validated,True,examples/irregular/TOY/paper_2ddwave_crossing_demo.ifcn,../examples/irregular/TOY/paper_2ddwave_crossing_demo.ifcn,0864f946890ef8697ab11ba760a65bbf98d177e566c3961d0a5fd2a3c9280e9c,23edd34e8293099e4fa359af98a1bb002e6e7d74fe86d8ded22b1da0c4c95c08,2bcd95e5e0730230c1667dd190b9d994a952f4bb10b878428b79a6ee4ffb9fa2,2,3,6,28,passed,equivalent,8,passed,passed_exhaustive,Bistable,exhaustive,8,8,8,128,2,3,0.5,3120,,main_candidate_pool,True,output/irregular-consolidation/unified-repaired-physical/cases/TOY__paper_2ddwave_crossing_demo/candidate_000017/audit.json,c690335d33a17e807215be9cca28e40f7c9587570135cc62534b8c9340f83082,,"Minimum area, actual cells, route length among currently mapped, recorded physical passes with identical source bytes; only the circuit title now matches the example filename, remapped QCA bytes are identical; metadata uses the unified algorithm name and actual mapped cell count; geometry/phases/I/O and QCA bytes are unchanged; Phase map encoded as 4x4 packed hex; geometry unchanged; current-mapper QCA bytes and SHA-256 identical before/after encoding.",,,,,85ac1adc23dacb6c0f17c7ec5fba9facdfed33e53bfeda1748c72c0f894def52
main_run,,irregular,irregular,TOY__paper_2ddwave_xor_demo,tests/benchmarks_f/TOY/paper_2ddwave_xor_demo.v,../tests/benchmarks_f/TOY/paper_2ddwave_xor_demo.v,bcb7240baad4c23bfb91d93824e44ff1417d65cabe9e51bb30827a03690eeec6,validated,True,examples/irregular/TOY/paper_2ddwave_xor_demo.ifcn,../examples/irregular/TOY/paper_2ddwave_xor_demo.ifcn,45cedb14934659626e87d6ba829562b6432ff386bfe59c4105c0331b4e5478b8,bd34f4196e72ad73b37895b4a040dabcc4a8ad7242a93cd5517443c6ad7ef602,edae47f7ca1a939b61ad4fc5602c98e9848c7bbcc92306be01d166d4caad5446,3,4,12,80,passed,equivalent,4,passed,passed_exhaustive,Bistable,exhaustive,4,4,8,128,2,3,0.5,1560,,main_candidate_pool,True,output/irregular-consolidation/unified-repaired-physical/cases/TOY__paper_2ddwave_xor_demo/candidate_000026/audit.json,c9f5a54b8e955572cd306912a4e8cfd6200f25b96a3c08dab71adfc330c40761,,"Minimum area, actual cells, route length among currently mapped, recorded physical passes with identical source bytes; only the circuit title now matches the example filename, remapped QCA bytes are identical; metadata uses the unified algorithm name and actual mapped cell count; geometry/phases/I/O and QCA bytes are unchanged; Phase map encoded as 4x4 packed hex; geometry unchanged; current-mapper QCA bytes and SHA-256 identical before/after encoding.",,,,,212309868fb8b9d51de1cf0bb17d1632b476933259d3c7dec4dd01ba3b87c147
main_run,,irregular,irregular,TOY__par_check,tests/benchmarks_f/TOY/par_check.v,../tests/benchmarks_f/TOY/par_check.v,7d7e761c65310c266ccaa41806fdb781e68d9ed6e962cd92c35efd0a05aa252c,validated,True,examples/irregular/TOY/par_check.ifcn,../examples/irregular/TOY/par_check.ifcn,4a87bd9a5edb728e5809ec458bcab8d7b6113bd0d47640e5413a4a634e4410f9,e9338eea93e5340671d5def1b39b6d547b06fbb16d6f381fae863c970bff2fc4,bdab8ebbdc455decf7f72517c1d8136fed0dac390ee91b78d42bc49d42ff71f7,7,19,133,561,passed,equivalent,16,passed,passed_exhaustive,Bistable,exhaustive,16,16,8,128,2,3,0.5,6240,,main_candidate_pool,True,output/irregular-consolidation/unified-repaired-physical/cases/TOY__par_check/candidate_000008/audit.json,686cd55b24d9a1d494857bdaa90c217e8b656c8278bf0e6c271be1454e31d876,,"Minimum area, actual cells, route length among currently mapped, recorded physical passes with identical source bytes; only the circuit title now matches the example filename, remapped QCA bytes are identical; metadata uses the unified algorithm name and actual mapped cell count; geometry/phases/I/O and QCA bytes are unchanged; Phase map encoded as 4x4 packed hex; geometry unchanged; current-mapper QCA bytes and SHA-256 identical before/after encoding.",,,,,ab987fd43934afe36a6bf5b2d9dd39b2dc57486293bb8cbe62afe31a26879d79
main_run,,irregular,irregular,TOY__par_gen,tests/benchmarks_f/TOY/par_gen.v,../tests/benchmarks_f/TOY/par_gen.v,9b345754736a4fff843aee1499631f401cd5fe39214c7e649343a880eb028762,validated,True,examples/irregular/TOY/par_gen.ifcn,../examples/irregular/TOY/par_gen.ifcn,8716453f999382672f9bfb08a410860b81dc7db6e55ad02e8398035290617d1b,74cbb83e36c64cbcef81dba05f43a0b64976cca084806b76741803f4badf8b37,2f30bca71fffb3a915878b808b010f595f8bde48f96b4f0c6c9a7bd6638e7833,8,14,112,418,passed,equivalent,8,passed,passed_exhaustive,Bistable,exhaustive,8,8,8,128,2,3,0.5,3120,,main_candidate_pool,True,output/irregular-consolidation/unified-repaired-physical/cases/TOY__par_gen/candidate_000011/audit.json,6e629b3891c16ecc8755347088ffe2a38bb4c9db0f27a7ac13bbbe3e9c9d0100,,"Minimum area, actual cells, route length among currently mapped, recorded physical passes with identical source bytes; only the circuit title now matches the example filename, remapped QCA bytes are identical; metadata uses the unified algorithm name and actual mapped cell count; geometry/phases/I/O and QCA bytes are unchanged; Phase map encoded as 4x4 packed hex; geometry unchanged; current-mapper QCA bytes and SHA-256 identical before/after encoding.",,,,,e06c2c50c5f13619884f234e78ae573177c169b02ea2bff3cdd30f1efc5700d3
main_run,,irregular,irregular,TOY__random_clock_cell_demo,tests/benchmarks_f/TOY/random_clock_cell_demo.v,../tests/benchmarks_f/TOY/random_clock_cell_demo.v,731d5a76e6cab60ab53b9f21cc220546326f89451beb6146c997f461b8a95f28,validated,True,examples/irregular/TOY/random_clock_cell_demo.ifcn,../examples/irregular/TOY/random_clock_cell_demo.ifcn,64e303e235f9fa9d461ee4444f90f9601a3bee995e760c95436580ccb5518d4a,6678a4a195d5478a8314cb8e2c6a1ac4fde1e390d0edc5c16ae19fe2d734c2ec,ac9be220981cf1f42264b52e90e0ba349ca01c1e21ba6d1f1829ee4b28a749bf,6,8,48,225,passed,equivalent,16,passed,passed_exhaustive,Bistable,exhaustive,16,16,8,128,2,3,0.5,12480,,main_candidate_pool,True,output/irregular-consolidation/unified-repaired-physical/cases/TOY__random_clock_cell_demo/candidate_000012/audit.json,05e13fb4dcb1ee167dc0848030864dd1686a69a1df9aed37d6b27d3f63086642,,"Minimum area, actual cells, route length among currently mapped, recorded physical passes with identical source bytes; only the circuit title now matches the example filename, remapped QCA bytes are identical; metadata uses the unified algorithm name and actual mapped cell count; geometry/phases/I/O and QCA bytes are unchanged; Phase map encoded as 4x4 packed hex; geometry unchanged; current-mapper QCA bytes and SHA-256 identical before/after encoding.",,,,,0d39945bcd1392c898cf947fe55b431f062cc87085c0f263dda485f58fefdf78
main_run,,irregular,irregular,TOY__t,tests/benchmarks_f/TOY/t.v,../tests/benchmarks_f/TOY/t.v,65580cb4a769d403f1955b0e20dd0992cbabe70951d7e5b3c2965cfc34bde2f9,validated,True,examples/irregular/TOY/t.ifcn,../examples/irregular/TOY/t.ifcn,fe570bd836d8e4fa9bd8108d4aa9747b0cd7e3fde579bfb0eb489ac29b9a3080,99c525544e6c9932d9824dd6d1ac86bfed1dd4ba6d3cfcad9328ef5cc1f7651a,8d93c922b7c5547259b53816b0360f42643a39ff4375061d83f090810247ed5a,8,11,88,355,passed,equivalent,32,passed,passed_exhaustive,Bistable,exhaustive,32,32,8,128,2,3,0.5,24960,,main_candidate_pool,True,output/irregular-consolidation/unified-repaired-physical/cases/TOY__t/candidate_000015/audit.json,f0692080b48ff33816b5f69431062747b1889827cbc5d3859f675deb5405391e,,"Minimum area, actual cells, route length among currently mapped, recorded physical passes with identical source bytes; only the circuit title now matches the example filename, remapped QCA bytes are identical; metadata uses the unified algorithm name and actual mapped cell count; geometry/phases/I/O and QCA bytes are unchanged; Phase map encoded as 4x4 packed hex; geometry unchanged; current-mapper QCA bytes and SHA-256 identical before/after encoding.",,,,,9ea1f58664c77bf4a87368b1378e3c466512f2af0410eb247dd8bae084545b00
main_run,,irregular,irregular,TOY__xnor2,tests/benchmarks_f/TOY/xnor2.v,../tests/benchmarks_f/TOY/xnor2.v,a3d96c67b447e43a703871aff932b89d9f08699b5b7e50d4360b9cf64c085464,validated,True,examples/irregular/TOY/xnor2.ifcn,../examples/irregular/TOY/xnor2.ifcn,96b85352465cb2574d33f7a68e5d63a2aaa1a0a9249d0d2b763db630bc54f713,70a774472068aa33b9b73990d3abfa171555d5b0c200a39370ff15c85bac4e26,3abf1ebe837cc61d663f704f50aabfed60f97bfb32796f6c5b451b43a3617bb7,5,4,20,117,passed,equivalent,4,passed,passed_exhaustive,Bistable,exhaustive,4,4,8,128,2,3,0.5,1560,,historical_current_mapper_revalidation,True,output/historical-minima-remapped/cases/TOY__xnor2/result.json,4394378987f096907a7a5178ef2dc750305ec9392aa2d5392cd88c7f75513c26,,"Minimum area, actual cells, route length among currently mapped, recorded physical passes with identical source bytes; only the circuit title now matches the example filename, remapped QCA bytes are identical; metadata uses the unified algorithm name and actual mapped cell count; geometry/phases/I/O and QCA bytes are unchanged; Phase map encoded as 4x4 packed hex; geometry unchanged; current-mapper QCA bytes and SHA-256 identical before/after encoding.",,,,,b820df2d20a5f86da6c1f7b7ad9236d7c8a41d1172713c1c6a2df65acd582769
main_run,,irregular,irregular,TOY__xnor2_source_generate__xnor2_source,tests/benchmarks_f/TOY/xnor2_source_generate/xnor2_source.v,../tests/benchmarks_f/TOY/xnor2_source_generate/xnor2_source.v,897155e498555c724932efc3b18447f0820dab8887feda40908dc0fd5d22045a,validated,True,examples/irregular/TOY/xnor2_source_generate/xnor2_source.ifcn,../examples/irregular/TOY/xnor2_source_generate/xnor2_source.ifcn,597e8cff874e92ddc529bf240b12000bf711c3c3255ff5a33975111de4f79583,70a774472068aa33b9b73990d3abfa171555d5b0c200a39370ff15c85bac4e26,3abf1ebe837cc61d663f704f50aabfed60f97bfb32796f6c5b451b43a3617bb7,5,4,20,117,passed,equivalent,4,passed,passed_exhaustive,Bistable,exhaustive,4,4,8,128,2,3,0.5,1560,,historical_current_mapper_revalidation,True,output/historical-minima-remapped/cases/TOY__xnor2_source_generate__xnor2_source/result.json,5a97bbe4839f755901d8c8b7dd84c00d357b01a7ef81d8c0c6c920d51f1bcefb,,"Minimum area, actual cells, route length among currently mapped, recorded physical passes with identical source bytes; only the circuit title now matches the example filename, remapped QCA bytes are identical; metadata uses the unified algorithm name and actual mapped cell count; geometry/phases/I/O and QCA bytes are unchanged; Phase map encoded as 4x4 packed hex; geometry unchanged; current-mapper QCA bytes and SHA-256 identical before/after encoding.",,,,,8456183367b176d3f7de108a382e17a856540b0d46ce4c3cb6400d65ca58b62e
main_run,,irregular,irregular,TOY__xor2,tests/benchmarks_f/TOY/xor2.v,../tests/benchmarks_f/TOY/xor2.v,a609d8a0cfc61fb3d9e0c5c545009994ee3ec795a533ac3786d8a523d3ed80bf,validated,True,examples/irregular/TOY/xor2.ifcn,../examples/irregular/TOY/xor2.ifcn,8ee8925d837234e0f31e6db9fba7c03c181cc91cd3e968f2113c4bb9d22a0a49,2fec35646e1787b8eb2c420bc5d65f78c85b190c4a84b41ea300820ceddfcf55,edae47f7ca1a939b61ad4fc5602c98e9848c7bbcc92306be01d166d4caad5446,3,4,12,80,passed,equivalent,4,passed,passed_exhaustive,Bistable,exhaustive,4,4,8,128,2,3,0.5,1560,,main_candidate_pool,True,output/irregular-consolidation/unified-repaired-physical/cases/TOY__xor2/candidate_000026/audit.json,e6cabc59b4415af592de3178b6edd76e88ced9b092a1f274caf18c121046a41c,,"Minimum area, actual cells, route length among currently mapped, recorded physical passes with identical source bytes; only the circuit title now matches the example filename, remapped QCA bytes are identical; metadata uses the unified algorithm name and actual mapped cell count; geometry/phases/I/O and QCA bytes are unchanged; Phase map encoded as 4x4 packed hex; geometry unchanged; current-mapper QCA bytes and SHA-256 identical before/after encoding.",,,,,0103ccd295d99d94f58155f1a29b2f415ee489f4da215ce1f8f69ced08bb2944
main_run,,irregular,irregular,TOY__xor2_demo,tests/benchmarks_f/TOY/xor2_demo.v,../tests/benchmarks_f/TOY/xor2_demo.v,32b26243fc74b77e30b9c28ff515ed13cdd62c1035fab1066f32671606f5da9e,validated,True,examples/irregular/TOY/xor2_demo.ifcn,../examples/irregular/TOY/xor2_demo.ifcn,735dc9b6d5856e9f5e2e3d796cfd5784d6b518af3c9b7170b55d7a087bff2782,fae0055a0cfbefa724f8367afdefcfadb96a86a5f56dac622d1299bd68803f41,6af6684a342fa5845845b5ddfc0b48f6a4d8e4baab79591819052d7070a72bbf,3,4,12,80,passed,equivalent,4,passed,passed_exhaustive,Bistable,exhaustive,4,4,8,128,2,3,0.5,1560,,main_candidate_pool,True,output/irregular-consolidation/unified-repaired-physical/cases/TOY__xor2_demo/candidate_000026/audit.json,286c5f72586b013eb6bfe8078d3c707cb54ece4e2a621d94b4351786b25b7f3a,,"Minimum area, actual cells, route length among currently mapped, recorded physical passes with identical source bytes; only the circuit title now matches the example filename, remapped QCA bytes are identical; metadata uses the unified algorithm name and actual mapped cell count; geometry/phases/I/O and QCA bytes are unchanged; Phase map encoded as 4x4 packed hex; geometry unchanged; current-mapper QCA bytes and SHA-256 identical before/after encoding.",,,,,ac74c09ef4fccb0896d34befe97ec873e5fdae1d7afd406c3b7c93e65661673c
main_run,,irregular,irregular,TOY__xor2_source_generate__xor2_source,tests/benchmarks_f/TOY/xor2_source_generate/xor2_source.v,../tests/benchmarks_f/TOY/xor2_source_generate/xor2_source.v,4a4c0921bbb4cf4dc14917d591c1ef974bc0e0922a47906c7ff4676a47a4d4f0,validated,True,examples/irregular/TOY/xor2_source_generate/xor2_source.ifcn,../examples/irregular/TOY/xor2_source_generate/xor2_source.ifcn,797c4a5e46ecce6872ee7222c542e0c2dccfbd1a8b522d1bc0196b73d41b300c,7a8ec6cb39d218a81f9bd88fb4e6d4e103b2e1202609ce36b4aeb9a61f01a92c,edae47f7ca1a939b61ad4fc5602c98e9848c7bbcc92306be01d166d4caad5446,3,4,12,80,passed,equivalent,4,passed,passed_exhaustive,Bistable,exhaustive,4,4,8,128,2,3,0.5,1560,,main_candidate_pool,True,output/irregular-consolidation/unified-repaired-physical/cases/TOY__xor2_source_generate__xor2_source/candidate_000026/audit.json,b0da47a2993d609eaedaaabfb5fcf4e6b8193d79e90215febcfb78da4a21ef1c,,"Minimum area, actual cells, route length among currently mapped, recorded physical passes with identical source bytes; only the circuit title now matches the example filename, remapped QCA bytes are identical; metadata uses the unified algorithm name and actual mapped cell count; geometry/phases/I/O and QCA bytes are unchanged; Phase map encoded as 4x4 packed hex; geometry unchanged; current-mapper QCA bytes and SHA-256 identical before/after encoding.",,,,,40b94509c55355e100079e3b60572bc2d48d9b7227e2a401d0dc5997a4031093
main_run,,irregular,irregular,TOY__xor5R,tests/benchmarks_f/TOY/xor5R.v,../tests/benchmarks_f/TOY/xor5R.v,8139d222736c073dccf0a16e6f711dc05e3a3912e283f8a21c082a068b15661f,validated,True,examples/irregular/TOY/xor5R.ifcn,../examples/irregular/TOY/xor5R.ifcn,5fccfee500510eac0199632c2734a05b9c0c97ce7dbb3c8a6ab361bde24f16dd,42cd30edbee05d66ede4193a5a2f5e59133f1b669ab2f6b2371a57ecdc0fd5a0,96536b0cc7ae757c885b6ffdd9d966bd2fa2dd5556530de5a35e954c3135412e,18,54,972,2318,passed,equivalent,32,passed,passed_exhaustive,Bistable,exhaustive,32,32,12,128,2,3,0.5,12480,,finite_D4_supplement,True,output/irregular-symmetry-toy/cases/TOY__xor5R/base_01/reflect_x/audit.json,9f6b72980bbf850c4ff3c4b3d80e37014645165091035305b15474d28b6e4dad,,"Minimum area, actual cells, route length among currently mapped, recorded physical passes with identical source bytes; only the circuit title now matches the example filename, remapped QCA bytes are identical; metadata uses the unified algorithm name and actual mapped cell count; geometry/phases/I/O and QCA bytes are unchanged; Phase map encoded as 4x4 packed hex; geometry unchanged; current-mapper QCA bytes and SHA-256 identical before/after encoding.",,,,,92686d1091dd5f14ad4e0379b41050eb5b0fa112fe08c267510b2b8615d3c958
main_run,,irregular,irregular,MAJ__1bitAdderAOIG,tests/benchmarks_f/MAJ/1bitAdderAOIG.v,../tests/benchmarks_f/MAJ/1bitAdderAOIG.v,a6d4f3c6597e11f51d2b03232e2c33ff473ecaf71f76500cd60b37cdc1aaf73d,validated,True,examples/irregular/MAJ/1bitAdderAOIG.ifcn,../examples/irregular/MAJ/1bitAdderAOIG.ifcn,a198943181b9ed4cb9da4262834b7872635a742aacdfb286ac9ed9a979aa2388,15aee70b4fbb42ee04befd61538033d96564846eb99c8f359a74dbd49e47195f,8ff86eda29d7b86a4d10f2f6876ff2d61f9acccdccf505edd7339690c55789ea,6,17,102,459,passed,equivalent,8,passed,passed_exhaustive,Bistable,exhaustive,8,8,8,128,2,3,0.5,6240,,historical_current_mapper_revalidation,True,output/historical-minima-remapped/cases/MAJ__1bitAdderAOIG/result.json,24b432fcfd2a976f40f8c2d6f686f13e89b077791ab07ea94980c95bda2f5de9,,"Minimum area, actual cells, route length among currently mapped, recorded physical passes with identical source bytes; only the circuit title now matches the example filename, remapped QCA bytes are identical; metadata uses the unified algorithm name and actual mapped cell count; geometry/phases/I/O and QCA bytes are unchanged; Phase map encoded as 4x4 packed hex; geometry unchanged; current-mapper QCA bytes and SHA-256 identical before/after encoding.",,,,,52fbc33bc766ca98f65321357f92b74e9dc5f7845f9f7fb17d2e49155c419711
main_run,,irregular,irregular,MAJ__1bitAdderMaj,tests/benchmarks_f/MAJ/1bitAdderMaj.v,../tests/benchmarks_f/MAJ/1bitAdderMaj.v,8f995112d35bcad1c01fe60e170337739452139dc75984b67ea44493a644fd17,validated,True,examples/irregular/MAJ/1bitAdderMaj.ifcn,../examples/irregular/MAJ/1bitAdderMaj.ifcn,f33d6623d893c0bd832232e011888bcb8753a8f526bba7375146d7a340671d5c,cf02a16b5047a70d5524eed5500dfa1fcbb41c08696915972ddff5a33ba3c24e,3cf4fab0a77b936fa23709aea8abd054ffc20b5bba6e4f2b2b38dcee0807bdd6,3,5,15,64,passed,equivalent,8,passed,passed_exhaustive,Bistable,exhaustive,8,8,8,128,2,3,0.5,3120,,main_candidate_pool,True,output/irregular-consolidation/unified-repaired-physical/cases/MAJ__1bitAdderMaj/candidate_000010/audit.json,e68deea55762420a81400d4e036bc4be4f1c6641b2df1ace2353b1e07bbcb4a9,,"Minimum area, actual cells, route length among currently mapped, recorded physical passes with identical source bytes; only the circuit title now matches the example filename, remapped QCA bytes are identical; metadata uses the unified algorithm name and actual mapped cell count; geometry/phases/I/O and QCA bytes are unchanged; Phase map encoded as 4x4 packed hex; geometry unchanged; current-mapper QCA bytes and SHA-256 identical before/after encoding.",,,,,29e810bdb4c3af6f1a926d4e7e3e01314d034e0196b4adf7e1ac82c040738ccd
main_run,,irregular,irregular,MAJ__1bitAdderMaj_source_generate__1bitAdderMaj_source,tests/benchmarks_f/MAJ/1bitAdderMaj_source_generate/1bitAdderMaj_source.v,../tests/benchmarks_f/MAJ/1bitAdderMaj_source_generate/1bitAdderMaj_source.v,8f995112d35bcad1c01fe60e170337739452139dc75984b67ea44493a644fd17,validated,True,examples/irregular/MAJ/1bitAdderMaj_source_generate/1bitAdderMaj_source.ifcn,../examples/irregular/MAJ/1bitAdderMaj_source_generate/1bitAdderMaj_source.ifcn,69df9a23129ba0edd2052a19501f7edbd331a8d1f6d99c7355de96f913e22bde,cf02a16b5047a70d5524eed5500dfa1fcbb41c08696915972ddff5a33ba3c24e,3cf4fab0a77b936fa23709aea8abd054ffc20b5bba6e4f2b2b38dcee0807bdd6,3,5,15,64,passed,equivalent,8,passed,passed_exhaustive,Bistable,exhaustive,8,8,8,128,2,3,0.5,3120,,main_candidate_pool,True,output/irregular-consolidation/unified-repaired-physical/cases/MAJ__1bitAdderMaj/candidate_000010/audit.json,e68deea55762420a81400d4e036bc4be4f1c6641b2df1ace2353b1e07bbcb4a9,,"Minimum area, actual cells, route length among currently mapped, recorded physical passes with identical source bytes; only the circuit title now matches the example filename, remapped QCA bytes are identical; metadata uses the unified algorithm name and actual mapped cell count; geometry/phases/I/O and QCA bytes are unchanged; Phase map encoded as 4x4 packed hex; geometry unchanged; current-mapper QCA bytes and SHA-256 identical before/after encoding.",,,,,cb997f35394b1eb022b5131e07c375b73f8fb7ca0d047aed89317d4bc3db55c0
main_run,,irregular,irregular,MAJ__RCA2,tests/benchmarks_f/MAJ/RCA2.v,../tests/benchmarks_f/MAJ/RCA2.v,e1f17beefdf044a3e871e22fe5c7d69c53c062b89159ea02691afce2a0ce7a1c,validated,True,examples/irregular/MAJ/RCA2.ifcn,../examples/irregular/MAJ/RCA2.ifcn,cceba425ec0e7b224f962c12c3a2e6953df8db0ed02882e9d8634fc2099ba62f,822dff4b621c4ce623821a60c6d36b7fc9a409d8cc3576bd957f9bbde7bed877,37a1ed2dfe48c67aa84cd43af96d19b62eb3491623e5a9751eafa4d8a38c0327,23,34,782,1775,passed,equivalent,32,passed,passed_exhaustive,Bistable,exhaustive,32,32,11,128,2,3,0.5,37440,,main_candidate_pool,True,output/irregular-consolidation/unified-repaired-physical/cases/MAJ__RCA2/candidate_000001/audit.json,71a49721d817a57c987d051db3b9c4ddf9ae31dd1c6c0be9f8736f7c80792273,,"Minimum area, actual cells, route length among currently mapped, recorded physical passes with identical source bytes; only the circuit title now matches the example filename, remapped QCA bytes are identical; metadata uses the unified algorithm name and actual mapped cell count; geometry/phases/I/O and QCA bytes are unchanged; Phase map encoded as 4x4 packed hex; geometry unchanged; current-mapper QCA bytes and SHA-256 identical before/after encoding.",,,,,538b5496467dcb71a083e04c0f8a2c429613aecd6ae764510116144e171f03b0
main_run,,irregular,irregular,MAJ__clpl,tests/benchmarks_f/MAJ/clpl.v,../tests/benchmarks_f/MAJ/clpl.v,413a6667f25ac44437f4e8417a2613f7f982fbdc048c234a610e8e2789280f10,validated,True,examples/irregular/MAJ/clpl.ifcn,../examples/irregular/MAJ/clpl.ifcn,640c76f474fb5ff47f555866b9e016a02aa70748ad91f8286ce31646d7a6d0b5,7ea93c737c7f20290388a03795683cbb876de1cbcd141144997f84fc2d1e2f42,8384e9eb3a83003dc6ef1df20e5c0ed6c28d3e9b943449b4aba1838a206454a0,16,11,176,607,passed,equivalent,2048,passed,passed_sampled,Bistable,sampled,32,2048,8,128,2,3,0.5,62400,,main_candidate_pool,True,output/irregular-consolidation/unified-repaired-physical/cases/MAJ__clpl/candidate_000007/audit.json,395c0e67b7895e5c4e9916d2052ef3f05cf53cd9a796f467015b224fbee3d0f1,,"Minimum area, actual cells, route length among currently mapped, recorded physical passes with identical source bytes; only the circuit title now matches the example filename, remapped QCA bytes are identical; metadata uses the unified algorithm name and actual mapped cell count; geometry/phases/I/O and QCA bytes are unchanged; Phase map encoded as 4x4 packed hex; geometry unchanged; current-mapper QCA bytes and SHA-256 identical before/after encoding.",,,,,49b40c3f1eb85af5937e6363be3b0a2da712c18781ac9eb464e7260cf769db64
main_run,,irregular,irregular,MAJ__mux41,tests/benchmarks_f/MAJ/mux41.v,../tests/benchmarks_f/MAJ/mux41.v,2da05a54681583edbf4ed79a2d782b1feaa92e48256afaeb9a1af1ae356f4363,validated,True,examples/irregular/MAJ/mux41__drc_only.ifcn,../examples/irregular/MAJ/mux41__drc_only.ifcn,c1fb3b3a6aa25bfbbeaf4a38be196554bc9e6656fd84160966328127725dd78f,4b59af246ea811f83ce1127a9f756fe7986d7ef4bd3bf5436d7f14e785259665,0965085615566eada4927e80a611df3f47fa8ef56a1e32158c5957adc21ce328,16,29,464,1062,passed,equivalent,64,passed,failed,Bistable,sampled,32,64,8,128,2,3,0.5,12480,,current_default_DRC_only,True,output/irregular-consolidation/unified-repaired-physical/cases/MAJ__mux41/selection.json,927ca0bc703e0e46b8c08c7932af778254c7e63cab9a67b4b45b777c020ed0f2,Recorded settled physical truth failure,"Minimum DRC-valid area/cells/route length in current recorded candidates; physical failure explicitly retained; only the circuit title now matches the example filename, remapped QCA bytes are identical; metadata uses the unified algorithm name and actual mapped cell count; geometry/phases/I/O and QCA bytes are unchanged; Phase map encoded as 4x4 packed hex; geometry unchanged; current-mapper QCA bytes and SHA-256 identical before/after encoding.",,,,,6851e78e2f7ad28855112e623143ab4082c7b689280f7532e73a30f1c5523573
main_run,,irregular,irregular,MAJ__newtag,tests/benchmarks_f/MAJ/newtag.v,../tests/benchmarks_f/MAJ/newtag.v,613a90023cfe8bb4e1f0e25170a12def7f3e5ec9bd1cae4035d085e9ad37ddea,validated,True,examples/irregular/MAJ/newtag.ifcn,../examples/irregular/MAJ/newtag.ifcn,a71367be77825344917563d419d3728c0b32225f079ae414c65fb937fd920d5b,d6014da2d8d098bce8945189b9435c7fa5aba8e0e3182651470ee6999ed3787e,abc05dfdbac33e6cad21ec91f41741b45217152029d48f2468e383337ece4525,10,13,130,403,passed,equivalent,256,passed,passed_sampled,Bistable,sampled,32,256,8,128,2,3,0.5,12480,,main_candidate_pool,True,output/irregular-consolidation/unified-repaired-physical/cases/MAJ__newtag/candidate_000014/audit.json,0d86859d79eb5d727dce675b0bb75964437fe8b7aa33e853b4e0bac6a8b75511,,"Minimum area, actual cells, route length among currently mapped, recorded physical passes with identical source bytes; only the circuit title now matches the example filename, remapped QCA bytes are identical; metadata uses the unified algorithm name and actual mapped cell count; geometry/phases/I/O and QCA bytes are unchanged; Phase map encoded as 4x4 packed hex; geometry unchanged; current-mapper QCA bytes and SHA-256 identical before/after encoding.",,,,,27b8523f23c38caf7e178cfb41da994e0cb0e40e4bd004b2d0f500bd74e5620e
main_run,,irregular,irregular,MAJ__par_check,tests/benchmarks_f/MAJ/par_check.v,../tests/benchmarks_f/MAJ/par_check.v,e1b4dac91a022b87540a04d1297b1f5decea86b55ea0e44fbabc46b8ede18bb1,validated,True,examples/irregular/MAJ/par_check.ifcn,../examples/irregular/MAJ/par_check.ifcn,0cbb0624e4d14e8e984e25ea96c931419c3391fe6739cc43eaeb9e9c14ea3589,1e31b97dbf3d83e63922c3ccd5a4ab77aa6dfa15fc196f4c5b4a1da8a146cc1f,90cbacbc3808b3d057ce893cbe2b2906954f6c029bf77adc3fa612f2133a73ae,18,10,180,681,passed,equivalent,16,passed,passed_exhaustive,Bistable,exhaustive,16,16,8,128,2,3,0.5,6240,,finite_D4_supplement,True,output/irregular-symmetry-maj/MAJ__par_check/base_000002__rotate180/audit.json,de27a99e2df77d71566e1ebafebb0603320c35c3df2bef790649cc6680a3b91e,,"Minimum area, actual cells, route length among currently mapped, recorded physical passes with identical source bytes; only the circuit title now matches the example filename, remapped QCA bytes are identical; metadata uses the unified algorithm name and actual mapped cell count; geometry/phases/I/O and QCA bytes are unchanged; Phase map encoded as 4x4 packed hex; geometry unchanged; current-mapper QCA bytes and SHA-256 identical before/after encoding.",,,,,997e6b5007a2bb28399002220c42d13ed64eb75dfadbfee0ae2f30b57b87f656
main_run,,irregular,irregular,MAJ__par_gen,tests/benchmarks_f/MAJ/par_gen.v,../tests/benchmarks_f/MAJ/par_gen.v,c89d153622f389fe370e43f7a0bc68ade61cb2ad7d5b4faa5925d1931e71ac01,validated,True,examples/irregular/MAJ/par_gen.ifcn,../examples/irregular/MAJ/par_gen.ifcn,1ccc77bb7af94480540f23aa38af44b169bf65208bbed158c678d00551dc14ff,2205abe4fff88764c114c24e98a86eb9ecb4df70f071614ca9f10e08e0330e51,0d1d0e976d3b03066562bdafb0eaf1ae823808d78517a6b5f8ee66525ed42a38,5,11,55,270,passed,equivalent,8,passed,passed_exhaustive,Bistable,exhaustive,8,8,8,128,2,3,0.5,3120,,main_candidate_pool,True,output/irregular-consolidation/unified-repaired-physical/cases/MAJ__par_gen/candidate_000011/audit.json,a41e000cb0eaecfafe36d7e750a3e34e4669fb0071c32d21e629e761b4d6c665,,"Minimum area, actual cells, route length among currently mapped, recorded physical passes with identical source bytes; only the circuit title now matches the example filename, remapped QCA bytes are identical; metadata uses the unified algorithm name and actual mapped cell count; geometry/phases/I/O and QCA bytes are unchanged; Phase map encoded as 4x4 packed hex; geometry unchanged; current-mapper QCA bytes and SHA-256 identical before/after encoding.",,,,,3155030c366f817d1e006b156b3abe36c7e5682964c432f18531c4f4cb79adbd
main_run,,irregular,irregular,MAJ__t,tests/benchmarks_f/MAJ/t.v,../tests/benchmarks_f/MAJ/t.v,08ec0c9ef76813cd5805a7a04ca9196453f8d72795f92319cd9f132d63274c53,validated,True,examples/irregular/MAJ/t.ifcn,../examples/irregular/MAJ/t.ifcn,20a53df3b60183a1e7076350c7bf183cb9d9f299b95934ab3784a10859545db2,4a2f91d532491bd8cb4e92b48e794eb64678e2861db905af93da940e0b0e3508,6c294c8714b1204634699f883454c28371509ba6080c8f0ac3f2afbdb952193b,7,9,63,254,passed,equivalent,32,passed,passed_exhaustive,Bistable,exhaustive,32,32,8,128,2,3,0.5,24960,,main_candidate_pool,True,output/irregular-consolidation/unified-repaired-physical/cases/MAJ__t/candidate_000012/audit.json,738bbce1690602014768f549bc5aebf67520b7b6b86c210ac4389e1576c99931,,"Minimum area, actual cells, route length among currently mapped, recorded physical passes with identical source bytes; only the circuit title now matches the example filename, remapped QCA bytes are identical; metadata uses the unified algorithm name and actual mapped cell count; geometry/phases/I/O and QCA bytes are unchanged; Phase map encoded as 4x4 packed hex; geometry unchanged; current-mapper QCA bytes and SHA-256 identical before/after encoding.",,,,,41d7e82cd6a29b178b12ce9ec7a544bb271fb55108d2fc325fe67e4116e0decd
main_run,,irregular,irregular,MAJ__xnor2,tests/benchmarks_f/MAJ/xnor2.v,../tests/benchmarks_f/MAJ/xnor2.v,a9fd924a6073e23a803fe64c98e77618ec36250e9101d4185f8d632e25307ecb,validated,True,examples/irregular/MAJ/xnor2.ifcn,../examples/irregular/MAJ/xnor2.ifcn,49dc33be8c45477838eac27b68404d025dc72db2fa4a8b45bb7fd63484880076,e850372d7ac5de2d2a48c184b36af7c9ad0694476ab7d572ba4619cc095207ab,a6e27f8d181d5a421f722eb9db2645b699a77b06d171fb7090de67343916499d,4,7,28,125,passed,equivalent,4,passed,passed_exhaustive,Bistable,exhaustive,4,4,8,128,2,3,0.5,1560,,main_candidate_pool,True,output/irregular-consolidation/unified-repaired-physical/cases/MAJ__xnor2/candidate_000014/audit.json,16aab04587d077835e2265b13f683a217b62e57489fd6a1ddf7d9a78c7c578e3,,"Minimum area, actual cells, route length among currently mapped, recorded physical passes with identical source bytes; only the circuit title now matches the example filename, remapped QCA bytes are identical; metadata uses the unified algorithm name and actual mapped cell count; geometry/phases/I/O and QCA bytes are unchanged; Phase map encoded as 4x4 packed hex; geometry unchanged; current-mapper QCA bytes and SHA-256 identical before/after encoding.",,,,,d6f02753cf2aab2466e0c80b466a639c8860f14d52ba1e0479e842d574d6fbf7
main_run,,irregular,irregular,MAJ__xor2,tests/benchmarks_f/MAJ/xor2.v,../tests/benchmarks_f/MAJ/xor2.v,9e9945ea2d76036ecd3f60c9103b50e16e06ac85785348da517f2c18b694b15e,validated,True,examples/irregular/MAJ/xor2.ifcn,../examples/irregular/MAJ/xor2.ifcn,98dd5e549fdaca7b4fcba32afef1564c7bdfe171f65f1ba976c6af7e7d2931ed,b4b0423c6065b9b8f54727a2b530d329b8952ae51c60d455bfcf28a99d6e5faa,f76c1dae5e1b545d978c5727f448e4501e0424582dad5e1c19e1435d21ae5dcf,4,7,28,121,passed,equivalent,4,passed,passed_exhaustive,Bistable,exhaustive,4,4,8,128,2,3,0.5,1560,,main_candidate_pool,True,output/irregular-consolidation/unified-repaired-physical/cases/MAJ__xor2/candidate_000014/audit.json,9947f838e890763484f55fbd30aa2a0a1fc27e2a4ab96288bedb63a7579955e3,,"Minimum area, actual cells, route length among currently mapped, recorded physical passes with identical source bytes; only the circuit title now matches the example filename, remapped QCA bytes are identical; metadata uses the unified algorithm name and actual mapped cell count; geometry/phases/I/O and QCA bytes are unchanged; Phase map encoded as 4x4 packed hex; geometry unchanged; current-mapper QCA bytes and SHA-256 identical before/after encoding.",,,,,597b9510866aa483beee7a3f730ba293337f43846ab2f56f29c1f11170df4c24
main_run,,irregular,irregular,MAJ__xor5R,tests/benchmarks_f/MAJ/xor5R.v,../tests/benchmarks_f/MAJ/xor5R.v,5d1e7605d525f22691e8b0227757f8ca91a1c5fc15a58a30a463e3e8a9a48eb1,validated,True,examples/irregular/MAJ/xor5R.ifcn,../examples/irregular/MAJ/xor5R.ifcn,4829273c27298dd5f62857cbc302237dda726010be6f72979cad8feb6a115f5d,e572bc32c862f64a5124fec215e5108d61674a57cb238677bb1557d0bbb3229d,b0ca64c36d8bde7c2cdfd9ce02db9c0edfadb2a4e57b6720f4aa88d55d5f3c62,9,29,261,961,passed,equivalent,32,passed,passed_exhaustive,Bistable,exhaustive,32,32,9,128,2,3,0.5,12480,,historical_current_mapper_revalidation,True,output/historical-minima-remapped/cases/MAJ__xor5R/result.json,c4b0bcead6c99cb854a63067ba3cfb9fea23f1c90888b668e2ed7f75be4005ab,,"Minimum area, actual cells, route length among currently mapped, recorded physical passes with identical source bytes; only the circuit title now matches the example filename, remapped QCA bytes are identical; metadata uses the unified algorithm name and actual mapped cell count; geometry/phases/I/O and QCA bytes are unchanged; Phase map encoded as 4x4 packed hex; geometry unchanged; current-mapper QCA bytes and SHA-256 identical before/after encoding.",,,,,76aa8b25c65139925942cdcb660e8b57797fe0803ad36e7a06da05c6e4fdfc96
main_run,,irregular,irregular,MAJ__xor5_r1,tests/benchmarks_f/MAJ/xor5_r1.v,../tests/benchmarks_f/MAJ/xor5_r1.v,5d1e7605d525f22691e8b0227757f8ca91a1c5fc15a58a30a463e3e8a9a48eb1,validated,True,examples/irregular/MAJ/xor5_r1.ifcn,../examples/irregular/MAJ/xor5_r1.ifcn,9ceb7c37892816f89cba8f4ddade08ff7721d6e6dcbb728cda12013b1f1c4427,e572bc32c862f64a5124fec215e5108d61674a57cb238677bb1557d0bbb3229d,b0ca64c36d8bde7c2cdfd9ce02db9c0edfadb2a4e57b6720f4aa88d55d5f3c62,9,29,261,961,passed,equivalent,32,passed,passed_exhaustive,Bistable,exhaustive,32,32,9,128,2,3,0.5,12480,,historical_current_mapper_revalidation,True,output/historical-minima-remapped/cases/MAJ__xor5R/result.json,c4b0bcead6c99cb854a63067ba3cfb9fea23f1c90888b668e2ed7f75be4005ab,,"Minimum area, actual cells, route length among currently mapped, recorded physical passes with identical source bytes; only the circuit title now matches the example filename, remapped QCA bytes are identical; metadata uses the unified algorithm name and actual mapped cell count; geometry/phases/I/O and QCA bytes are unchanged; Phase map encoded as 4x4 packed hex; geometry unchanged; current-mapper QCA bytes and SHA-256 identical before/after encoding.",,,,,36e35f1218e44db1bfb81e23b0bd5c2ca7447024d953b7fa5a967110511e8e6a
main_run,,regular_heuristic,2DDWave,TOY__1bitAdderAOIG,tests/benchmarks_f/TOY/1bitAdderAOIG.v,../tests/benchmarks_f/TOY/1bitAdderAOIG.v,cbc0b3bc38b5e5545d785db580560b14c14bdbf90559297b29b8c97a1656a3ce,validated,True,examples/regular_heuristic/2DDWave/TOY/1bitAdderAOIG.ifcn,../examples/regular_heuristic/2DDWave/TOY/1bitAdderAOIG.ifcn,d0ea09412934ae8097ddc07927c4b4e074a9d372f722f2462e1a561e0badb8b5,e444f4b72672dd88bd7c0c6c3bf3e3422654659f9af39d786fc339488d69b202,8d722cd1e71da11f6bee923545701374d7ec92832153a66332306f6b1ea0ceda,9,7,63,247,passed,equivalent,8,passed,not_run,,not_run,,,,,,,,,,regular-final,True,ifcn-examples-work/regular-selection/final-manifest.json,ff4b6c1b73aeca80eb9cc51a8ff174f22ca7401d333959e5e01b5e5559da4103,,"Physical passes first, then minimum area/cells among recorded current-revalidated same-source/scheme candidates; historical selection=False; Phase map encoded as 4x4 packed hex; geometry unchanged; current-mapper QCA bytes and SHA-256 identical before/after encoding.",ifcn-examples-work/regular-final/cases/regular_heuristic/2DDWave/TOY__1bitAdderAOIG/result.json,a5890e2ef3f4042f86d02b9696f82bb6e472ebdd8e79af1279c1c94c679a7fc6,,,4ba3b223017d93542d06a1be63d17b58d9e7416cb75a052c32177c4ea8680b6f
main_run,,regular_heuristic,RES,TOY__1bitAdderAOIG,tests/benchmarks_f/TOY/1bitAdderAOIG.v,../tests/benchmarks_f/TOY/1bitAdderAOIG.v,cbc0b3bc38b5e5545d785db580560b14c14bdbf90559297b29b8c97a1656a3ce,search_failed,False,,,,,,,,,,not_run,not_run,,not_run,not_run,,not_run,,,,,,,,,,,,ifcn-examples-work/regular-selection/final-manifest.json,ff4b6c1b73aeca80eb9cc51a8ff174f22ca7401d333959e5e01b5e5559da4103,RuntimeError: P&R exit 1,,ifcn-examples-work/regular-final/cases/regular_heuristic/RES/TOY__1bitAdderAOIG/result.json,02f2148b5112459f5adef2495b2c9b252f90bb968cbfaa46c80bc2dadacbabd5,,,
main_run,,regular_2ddwave,2DDWave,TOY__1bitAdderAOIG,tests/benchmarks_f/TOY/1bitAdderAOIG.v,../tests/benchmarks_f/TOY/1bitAdderAOIG.v,cbc0b3bc38b5e5545d785db580560b14c14bdbf90559297b29b8c97a1656a3ce,validated,True,examples/regular_2ddwave/TOY/1bitAdderAOIG.ifcn,../examples/regular_2ddwave/TOY/1bitAdderAOIG.ifcn,8f7b0734cb2efcf37f2e511d0db8de857242e6fc0771a61efc78c424e375dc90,d6d8e5737273be2a7c1f417fa0174d96e0c45e7401dcc56a8c435770d146df2e,df40422ab32d35466401d7f6623b0838b5ad9e2150989fc38290111990aa8cc9,6,7,42,232,passed,equivalent,8,passed,not_run,,not_run,,,,,,,,,,regular,True,ifcn-examples-work/regular-selection/final-manifest.json,ff4b6c1b73aeca80eb9cc51a8ff174f22ca7401d333959e5e01b5e5559da4103,,"Physical passes first, then minimum area/cells among recorded current-revalidated same-source/scheme candidates; historical selection=True; Phase map encoded as 4x4 packed hex; geometry unchanged; current-mapper QCA bytes and SHA-256 identical before/after encoding.",ifcn-examples-work/regular-final/cases/regular_2ddwave/2DDWave/TOY__1bitAdderAOIG/result.json,b6777fee45bbe22d607361049df18f2f45685d45241805c4c4004b6aec07c7b5,,,bf96d70a2b5ab0b93917ad1eaa8357e7ea9a8f515b6ee4deca1da7429d4507e4
main_run,,regular_heuristic,USE,TOY__1bitAdderAOIG,tests/benchmarks_f/TOY/1bitAdderAOIG.v,../tests/benchmarks_f/TOY/1bitAdderAOIG.v,cbc0b3bc38b5e5545d785db580560b14c14bdbf90559297b29b8c97a1656a3ce,search_failed,False,,,,,,,,,,not_run,not_run,,not_run,not_run,,not_run,,,,,,,,,,,,ifcn-examples-work/regular-selection/final-manifest.json,ff4b6c1b73aeca80eb9cc51a8ff174f22ca7401d333959e5e01b5e5559da4103,RuntimeError: P&R exit 1,,ifcn-examples-work/regular-final/cases/regular_heuristic/USE/TOY__1bitAdderAOIG/result.json,9ed8a5ac9b3cafa5b3665fa937ed406548551b451abd7b8412d77ec96feada06,,,
main_run,,regular_heuristic,RES,TOY__1bitAdderMaj,tests/benchmarks_f/TOY/1bitAdderMaj.v,../tests/benchmarks_f/TOY/1bitAdderMaj.v,8ef091e5b42ceabe3f68ba45a1c63388f1aacb4c84c9fb83711414ace2ccfb0f,search_failed,False,,,,,,,,,,not_run,not_run,,not_run,not_run,,not_run,,,,,,,,,,,,ifcn-examples-work/regular-selection/final-manifest.json,ff4b6c1b73aeca80eb9cc51a8ff174f22ca7401d333959e5e01b5e5559da4103,RuntimeError: P&R exit 1,,ifcn-examples-work/regular-final/cases/regular_heuristic/RES/TOY__1bitAdderMaj/result.json,b6220c5f97c75583dda12c373d1700de745e6e0a7afde6971c4942ff68eae738,,,
main_run,,regular_2ddwave,2DDWave,TOY__1bitAdderMaj,tests/benchmarks_f/TOY/1bitAdderMaj.v,../tests/benchmarks_f/TOY/1bitAdderMaj.v,8ef091e5b42ceabe3f68ba45a1c63388f1aacb4c84c9fb83711414ace2ccfb0f,validated,True,examples/regular_2ddwave/TOY/1bitAdderMaj.ifcn,../examples/regular_2ddwave/TOY/1bitAdderMaj.ifcn,700bebb0924d9bd93842be3a71c9507ebe930bf9cf717c0f0aff34075fa87fe4,74563082e4eccb56f2c647513013bfbe36c4682ee99fb84d796f613a598bfec5,d73bf62af7c2b297ca1c8973bd7239b3272c96a99291639ef0770b973900da8f,11,14,154,647,passed,equivalent,8,passed,not_run,,not_run,,,,,,,,,,regular-final,True,ifcn-examples-work/regular-selection/final-manifest.json,ff4b6c1b73aeca80eb9cc51a8ff174f22ca7401d333959e5e01b5e5559da4103,,"Physical passes first, then minimum area/cells among recorded current-revalidated same-source/scheme candidates; historical selection=False; Phase map encoded as 4x4 packed hex; geometry unchanged; current-mapper QCA bytes and SHA-256 identical before/after encoding.",ifcn-examples-work/regular-final/cases/regular_2ddwave/2DDWave/TOY__1bitAdderMaj/result.json,15abf897e8e65ccc1efe23f792ee407e835c2094114199820b034de8108916b7,,,d93d8e4e7e1d81fa41a8b08982e89a448f4ef33d94ba2ce08280e4b51ae482a4
main_run,,regular_heuristic,USE,TOY__1bitAdderMaj,tests/benchmarks_f/TOY/1bitAdderMaj.v,../tests/benchmarks_f/TOY/1bitAdderMaj.v,8ef091e5b42ceabe3f68ba45a1c63388f1aacb4c84c9fb83711414ace2ccfb0f,search_failed,False,,,,,,,,,,not_run,not_run,,not_run,not_run,,not_run,,,,,,,,,,,,ifcn-examples-work/regular-selection/final-manifest.json,ff4b6c1b73aeca80eb9cc51a8ff174f22ca7401d333959e5e01b5e5559da4103,RuntimeError: P&R exit 1,,ifcn-examples-work/regular-final/cases/regular_heuristic/USE/TOY__1bitAdderMaj/result.json,ae7e67a6a2c1d7b4f72086e14fd6effa74b314fbeeb69a7692142b696a470591,,,
main_run,,regular_heuristic,RES,TOY__RCA2,tests/benchmarks_f/TOY/RCA2.v,../tests/benchmarks_f/TOY/RCA2.v,6bb7bb0f8df4d153052a87050e75049a3fbfb80ee2fa4bb27e3c0e06dae7dc51,search_failed,False,,,,,,,,,,not_run,not_run,,not_run,not_run,,not_run,,,,,,,,,,,,ifcn-examples-work/regular-selection/final-manifest.json,ff4b6c1b73aeca80eb9cc51a8ff174f22ca7401d333959e5e01b5e5559da4103,RuntimeError: P&R exit 1,,ifcn-examples-work/regular-final/cases/regular_heuristic/RES/TOY__RCA2/result.json,5a86c56155946b4e820845b56ea8abd13d08014b09a12cfdde1f0a1f94aacdc4,,,
main_run,,regular_heuristic,2DDWave,TOY__1bitAdderMaj,tests/benchmarks_f/TOY/1bitAdderMaj.v,../tests/benchmarks_f/TOY/1bitAdderMaj.v,8ef091e5b42ceabe3f68ba45a1c63388f1aacb4c84c9fb83711414ace2ccfb0f,search_failed,False,,,,,,,,,,not_run,not_run,,not_run,not_run,,not_run,,,,,,,,,,,,ifcn-examples-work/regular-selection/final-manifest.json,ff4b6c1b73aeca80eb9cc51a8ff174f22ca7401d333959e5e01b5e5559da4103,RuntimeError: P&R exit 1,,ifcn-examples-work/regular-final/cases/regular_heuristic/2DDWave/TOY__1bitAdderMaj/result.json,842fbcd48719f9e63da01b659acedb0848e3c913f18fd690ff3bbbcf97ae72d9,,,
main_run,,regular_heuristic,USE,TOY__b1_r2,tests/benchmarks_f/TOY/b1_r2.v,../tests/benchmarks_f/TOY/b1_r2.v,e3a30eca140d42e477c7a20e5827cbcf331eabf1c02acf00f49e33b7dcc9fe6c,search_failed,False,,,,,,,,,,not_run,not_run,,not_run,not_run,,not_run,,,,,,,,,,,,ifcn-examples-work/regular-selection/final-manifest.json,ff4b6c1b73aeca80eb9cc51a8ff174f22ca7401d333959e5e01b5e5559da4103,RuntimeError: P&R exit 1,,ifcn-examples-work/regular-final/cases/regular_heuristic/USE/TOY__b1_r2/result.json,5a9198eee86c850c37a64551768a6b8ea862f22860418324273ca7e13f1531da,,,
main_run,,regular_heuristic,RES,TOY__b1_r2,tests/benchmarks_f/TOY/b1_r2.v,../tests/benchmarks_f/TOY/b1_r2.v,e3a30eca140d42e477c7a20e5827cbcf331eabf1c02acf00f49e33b7dcc9fe6c,search_failed,False,,,,,,,,,,not_run,not_run,,not_run,not_run,,not_run,,,,,,,,,,,,ifcn-examples-work/regular-selection/final-manifest.json,ff4b6c1b73aeca80eb9cc51a8ff174f22ca7401d333959e5e01b5e5559da4103,RuntimeError: P&R exit 1,,ifcn-examples-work/regular-final/cases/regular_heuristic/RES/TOY__b1_r2/result.json,aaf29ff6c5ac208013d6a9ec0e94b2b0ad6beb99858e29fb0097dc2b343ec10a,,,
main_run,,regular_heuristic,2DDWave,TOY__b1_r2,tests/benchmarks_f/TOY/b1_r2.v,../tests/benchmarks_f/TOY/b1_r2.v,e3a30eca140d42e477c7a20e5827cbcf331eabf1c02acf00f49e33b7dcc9fe6c,search_failed,False,,,,,,,,,,not_run,not_run,,not_run,not_run,,not_run,,,,,,,,,,,,ifcn-examples-work/regular-selection/final-manifest.json,ff4b6c1b73aeca80eb9cc51a8ff174f22ca7401d333959e5e01b5e5559da4103,RuntimeError: P&R exit 1,,ifcn-examples-work/regular-final/cases/regular_heuristic/2DDWave/TOY__b1_r2/result.json,0056d65d2fdde68b6ded6f20a165ab15a1e9a4887c91c619fb1a32d525ec9169,,,
main_run,,regular_heuristic,USE,TOY__RCA2,tests/benchmarks_f/TOY/RCA2.v,../tests/benchmarks_f/TOY/RCA2.v,6bb7bb0f8df4d153052a87050e75049a3fbfb80ee2fa4bb27e3c0e06dae7dc51,search_failed,False,,,,,,,,,,not_run,not_run,,not_run,not_run,,not_run,,,,,,,,,,,,ifcn-examples-work/regular-selection/final-manifest.json,ff4b6c1b73aeca80eb9cc51a8ff174f22ca7401d333959e5e01b5e5559da4103,RuntimeError: P&R exit 1,,ifcn-examples-work/regular-final/cases/regular_heuristic/USE/TOY__RCA2/result.json,b5da3bce6362b3b90d1cc4bfeab113210b6f55d350732c0dff2fa9e810854417,,,
main_run,,regular_heuristic,2DDWave,TOY__RCA2,tests/benchmarks_f/TOY/RCA2.v,../tests/benchmarks_f/TOY/RCA2.v,6bb7bb0f8df4d153052a87050e75049a3fbfb80ee2fa4bb27e3c0e06dae7dc51,search_failed,False,,,,,,,,,,not_run,not_run,,not_run,not_run,,not_run,,,,,,,,,,,,ifcn-examples-work/regular-selection/final-manifest.json,ff4b6c1b73aeca80eb9cc51a8ff174f22ca7401d333959e5e01b5e5559da4103,RuntimeError: P&R exit 1,,ifcn-examples-work/regular-final/cases/regular_heuristic/2DDWave/TOY__RCA2/result.json,b4ea709ed532083f2947a9b8d99b3515007c022e89ebb5878981ac4b49f3a9b8,,,
main_run,,regular_2ddwave,2DDWave,TOY__b1_r2,tests/benchmarks_f/TOY/b1_r2.v,../tests/benchmarks_f/TOY/b1_r2.v,e3a30eca140d42e477c7a20e5827cbcf331eabf1c02acf00f49e33b7dcc9fe6c,validated,True,examples/regular_2ddwave/TOY/b1_r2.ifcn,../examples/regular_2ddwave/TOY/b1_r2.ifcn,8730ff69395867a73f6296376d5f73f1e627ab29aefb0252656b8a29ef0d8aae,54820f18455d42066a5f17be56071b860ca0409ac9e60e0f43a7bde9efac8fa4,f939d314ffe046656412b2c2661edd54c2e902e01840014fbc95964eca37c225,9,8,72,328,passed,equivalent,8,passed,not_run,,not_run,,,,,,,,,,regular-final,True,ifcn-examples-work/regular-selection/final-manifest.json,ff4b6c1b73aeca80eb9cc51a8ff174f22ca7401d333959e5e01b5e5559da4103,,"Physical passes first, then minimum area/cells among recorded current-revalidated same-source/scheme candidates; historical selection=False; Phase map encoded as 4x4 packed hex; geometry unchanged; current-mapper QCA bytes and SHA-256 identical before/after encoding.",ifcn-examples-work/regular-final/cases/regular_2ddwave/2DDWave/TOY__b1_r2/result.json,8472537b84a7abc81cf7392bb3aec92b41f14255de8c5ac73b78e8652a2b7189,,,71186d64277a2c2a50bf7e87698e90bc44dc727be79f0fc533da08eb25034c07
main_run,,regular_heuristic,2DDWave,TOY__clpl,tests/benchmarks_f/TOY/clpl.v,../tests/benchmarks_f/TOY/clpl.v,de7d65ca4373d2ed5089fa702ac40349d963ebdd3eb78e0d8c74013d284f5f62,validated,True,examples/regular_heuristic/2DDWave/TOY/clpl.ifcn,../examples/regular_heuristic/2DDWave/TOY/clpl.ifcn,6da7a447f67335e6f0b1296caa5928663cd32eabcfb406a751bd4a734858f2d4,eb911d4750b2817d234802e738474a00f2b3bada0b5062faf4e180d3d5e91e0a,7dd14e438f49abda27cf5bf79cd2cc87ac36582117f9e0d96e7d1bc2a1da1e8b,12,13,156,525,passed,equivalent,2048,passed,not_run,,not_run,,,,,,,,,,regular-final,True,ifcn-examples-work/regular-selection/final-manifest.json,ff4b6c1b73aeca80eb9cc51a8ff174f22ca7401d333959e5e01b5e5559da4103,,"Physical passes first, then minimum area/cells among recorded current-revalidated same-source/scheme candidates; historical selection=False; Phase map encoded as 4x4 packed hex; geometry unchanged; current-mapper QCA bytes and SHA-256 identical before/after encoding.",ifcn-examples-work/regular-final/cases/regular_heuristic/2DDWave/TOY__clpl/result.json,c4a01d438fef5b0b0281d4fc9b4011373b0c4b2676cab3677c7d91cacaa15bdd,,,f55dff9e509f232f3cb9855a1ceacd49e304cb742d4c8782f19d6d9eeb91b365
main_run,,regular_heuristic,RES,TOY__clpl,tests/benchmarks_f/TOY/clpl.v,../tests/benchmarks_f/TOY/clpl.v,de7d65ca4373d2ed5089fa702ac40349d963ebdd3eb78e0d8c74013d284f5f62,search_failed,False,,,,,,,,,,not_run,not_run,,not_run,not_run,,not_run,,,,,,,,,,,,ifcn-examples-work/regular-selection/final-manifest.json,ff4b6c1b73aeca80eb9cc51a8ff174f22ca7401d333959e5e01b5e5559da4103,RuntimeError: P&R exit 1,,ifcn-examples-work/regular-final/cases/regular_heuristic/RES/TOY__clpl/result.json,3f91e6b84d805320c4fa7d92fe077c0053bee4f66132749d10e170b4a7f3fbe5,,,
main_run,,regular_2ddwave,2DDWave,TOY__clpl,tests/benchmarks_f/TOY/clpl.v,../tests/benchmarks_f/TOY/clpl.v,de7d65ca4373d2ed5089fa702ac40349d963ebdd3eb78e0d8c74013d284f5f62,validated,True,examples/regular_2ddwave/TOY/clpl.ifcn,../examples/regular_2ddwave/TOY/clpl.ifcn,dc855822932e3df4e0ddcfed14247463f8ef825648a3f8c1b060a0e8d127ce18,dfd7d2597ca0ce5d70dae96edeb2c6eddf10a8d95755f4d6c16a97cac51c237a,5395a95147637cbc2ad1780d875a16e4e696bcc8dcd720d25b5fdd6f7cb82fb4,22,20,440,1236,passed,equivalent,2048,passed,passed_sampled,Bistable,deterministic_32_vector_sample,32,2048,16,128,2,3,0.5,62400,,fixed-launch-review,True,ifcn-examples-work/regular-selection/final-manifest.json,ff4b6c1b73aeca80eb9cc51a8ff174f22ca7401d333959e5e01b5e5559da4103,,"Physical passes first, then minimum area/cells among recorded current-revalidated same-source/scheme candidates; historical selection=True; Phase map encoded as 4x4 packed hex; geometry unchanged; current-mapper QCA bytes and SHA-256 identical before/after encoding.",ifcn-examples-work/regular-final/cases/regular_2ddwave/2DDWave/TOY__clpl/result.json,33ed458845001b5e4fa14c3752407d70bf28f57fbd998d41ba590e2a3a2a9ad4,ifcn-examples-work/fixed-launch-review/repaired/clpl/physical/report.json,e1dda1f7c2522097d78a99931557dbd3f277f6569230d59a50f06de2d6bf548d,732d42b7854217dc2abab25992cf42c4e70f0fda17be96324a0652a0ac0e71c9
main_run,,regular_heuristic,USE,TOY__clpl,tests/benchmarks_f/TOY/clpl.v,../tests/benchmarks_f/TOY/clpl.v,de7d65ca4373d2ed5089fa702ac40349d963ebdd3eb78e0d8c74013d284f5f62,search_failed,False,,,,,,,,,,not_run,not_run,,not_run,not_run,,not_run,,,,,,,,,,,,ifcn-examples-work/regular-selection/final-manifest.json,ff4b6c1b73aeca80eb9cc51a8ff174f22ca7401d333959e5e01b5e5559da4103,RuntimeError: P&R exit 1,,ifcn-examples-work/regular-final/cases/regular_heuristic/USE/TOY__clpl/result.json,fcafe6e4633450475cb64f176c33c6b3e2b0e1a32bc344bf788e9619fccc4f24,,,
main_run,,regular_heuristic,USE,TOY__mux21,tests/benchmarks_f/TOY/mux21.v,../tests/benchmarks_f/TOY/mux21.v,0e439672e33b02fc619a7288e9b711e416a1566b7ac410d5cbf7b9e52fbad8c2,validated,True,examples/regular_heuristic/USE/TOY/mux21.ifcn,../examples/regular_heuristic/USE/TOY/mux21.ifcn,817cfb4c1d0ab53d73165472cbb2b9840d6055e89f649e338867740a9f612a48,d78e84b9f4a93a6895a7b4f1578925b9d70983caad71ad058d793a95477ac602,5254517b752d01461f2a2eef7ff1289664840d664b5b22620ca04803c78f8400,5,3,15,62,passed,equivalent,8,passed,not_run,,not_run,,,,,,,,,,regular-final,True,ifcn-examples-work/regular-selection/final-manifest.json,ff4b6c1b73aeca80eb9cc51a8ff174f22ca7401d333959e5e01b5e5559da4103,,"Physical passes first, then minimum area/cells among recorded current-revalidated same-source/scheme candidates; historical selection=False; Phase map encoded as 4x4 packed hex; geometry unchanged; current-mapper QCA bytes and SHA-256 identical before/after encoding.",ifcn-examples-work/regular-final/cases/regular_heuristic/USE/TOY__mux21/result.json,1956dddf1fd1f6f1e0182916d7d183e43b7e9b9ce9f4511990c56b42c9f107d8,,,44ed696cc067d5045d83cde384a34e65ef5d39afd775d32ce680d93c7e2493bb
main_run,,regular_heuristic,RES,TOY__mux21,tests/benchmarks_f/TOY/mux21.v,../tests/benchmarks_f/TOY/mux21.v,0e439672e33b02fc619a7288e9b711e416a1566b7ac410d5cbf7b9e52fbad8c2,validated,True,examples/regular_heuristic/RES/TOY/mux21.ifcn,../examples/regular_heuristic/RES/TOY/mux21.ifcn,1d930da767f31d6f038f778a554f866c996f9591a2784fe7e25ddd20617e66f5,cbf415df9bbeee50f3aea0e27516eaadf342f9b94d4a0de160d11fbea5f11280,7065ba6c952cb4a39a62d86c234d561aef4bbebf4bda53173c5d392b7137f743,3,4,12,66,passed,equivalent,8,passed,not_run,,not_run,,,,,,,,,,regular-final,True,ifcn-examples-work/regular-selection/final-manifest.json,ff4b6c1b73aeca80eb9cc51a8ff174f22ca7401d333959e5e01b5e5559da4103,,"Physical passes first, then minimum area/cells among recorded current-revalidated same-source/scheme candidates; historical selection=False; Phase map encoded as 4x4 packed hex; geometry unchanged; current-mapper QCA bytes and SHA-256 identical before/after encoding.",ifcn-examples-work/regular-final/cases/regular_heuristic/RES/TOY__mux21/result.json,84f959aaeb46d231a7d3708bf3b3e4f7b832d271de839a185e40328158995d72,,,4ed5e3a05c7e7a89c05b7c0164b25e45ed74e2fbffb801aec42199d0f68bf11d
main_run,,regular_heuristic,2DDWave,TOY__clpl_source_generate__clpl_source,tests/benchmarks_f/TOY/clpl_source_generate/clpl_source.v,../tests/benchmarks_f/TOY/clpl_source_generate/clpl_source.v,de7d65ca4373d2ed5089fa702ac40349d963ebdd3eb78e0d8c74013d284f5f62,validated,True,examples/regular_heuristic/2DDWave/TOY/clpl_source_generate/clpl_source.ifcn,../examples/regular_heuristic/2DDWave/TOY/clpl_source_generate/clpl_source.ifcn,1ce69d2fca504a0ce26e7018316fa4d90b34eba0af73103e2a185fa94ca99701,eb911d4750b2817d234802e738474a00f2b3bada0b5062faf4e180d3d5e91e0a,7dd14e438f49abda27cf5bf79cd2cc87ac36582117f9e0d96e7d1bc2a1da1e8b,12,13,156,525,passed,equivalent,2048,passed,not_run,,not_run,,,,,,,,,,regular-final,True,ifcn-examples-work/regular-selection/final-manifest.json,ff4b6c1b73aeca80eb9cc51a8ff174f22ca7401d333959e5e01b5e5559da4103,,"Physical passes first, then minimum area/cells among recorded current-revalidated same-source/scheme candidates; historical selection=False; Phase map encoded as 4x4 packed hex; geometry unchanged; current-mapper QCA bytes and SHA-256 identical before/after encoding.",ifcn-examples-work/regular-final/cases/regular_heuristic/2DDWave/TOY__clpl_source_generate__clpl_source/result.json,0dcf083a6f891496cf49a87153dc3624ff82553d59a19555065a6afd48407b73,,,8f2ffe8b54812b3c0cd0ebce91cdc4de2669ce376f8c1b995c90f6d4473406d5
main_run,,regular_heuristic,USE,TOY__clpl_source_generate__clpl_source,tests/benchmarks_f/TOY/clpl_source_generate/clpl_source.v,../tests/benchmarks_f/TOY/clpl_source_generate/clpl_source.v,de7d65ca4373d2ed5089fa702ac40349d963ebdd3eb78e0d8c74013d284f5f62,search_failed,False,,,,,,,,,,not_run,not_run,,not_run,not_run,,not_run,,,,,,,,,,,,ifcn-examples-work/regular-selection/final-manifest.json,ff4b6c1b73aeca80eb9cc51a8ff174f22ca7401d333959e5e01b5e5559da4103,RuntimeError: P&R exit 1,,ifcn-examples-work/regular-final/cases/regular_heuristic/USE/TOY__clpl_source_generate__clpl_source/result.json,4c270020798452394c42fb4a8fa866464929f657f828a0a7bede49e39de902b0,,,
main_run,,regular_heuristic,2DDWave,TOY__mux21,tests/benchmarks_f/TOY/mux21.v,../tests/benchmarks_f/TOY/mux21.v,0e439672e33b02fc619a7288e9b711e416a1566b7ac410d5cbf7b9e52fbad8c2,validated,True,examples/regular_heuristic/2DDWave/TOY/mux21.ifcn,../examples/regular_heuristic/2DDWave/TOY/mux21.ifcn,2edc691a99e05f7b1a70489d2bb5d676975aa4b7238013e312e3efd9f5cfc308,935aeabaad98a5008ff246513b0c96a7e9c16e5ca186f72a75888adc49d58af3,48bc4d76aa5c22b3bd74b10f85ffcad141b3b98ecac1ab30d4b88f6b7e831ced,4,3,12,56,passed,equivalent,8,passed,not_run,,not_run,,,,,,,,,,regular-final,True,ifcn-examples-work/regular-selection/final-manifest.json,ff4b6c1b73aeca80eb9cc51a8ff174f22ca7401d333959e5e01b5e5559da4103,,"Physical passes first, then minimum area/cells among recorded current-revalidated same-source/scheme candidates; historical selection=False; Phase map encoded as 4x4 packed hex; geometry unchanged; current-mapper QCA bytes and SHA-256 identical before/after encoding.",ifcn-examples-work/regular-final/cases/regular_heuristic/2DDWave/TOY__mux21/result.json,8865aaab7ce6e7140a7390cef379a04ebdd9fdc445125bc2c831cb063d708f2c,,,f323c394a5aa9d430a50905e39f85a457ea85dcb4049498c2753f18b081a4aa9
main_run,,regular_heuristic,RES,TOY__clpl_source_generate__clpl_source,tests/benchmarks_f/TOY/clpl_source_generate/clpl_source.v,../tests/benchmarks_f/TOY/clpl_source_generate/clpl_source.v,de7d65ca4373d2ed5089fa702ac40349d963ebdd3eb78e0d8c74013d284f5f62,search_failed,False,,,,,,,,,,not_run,not_run,,not_run,not_run,,not_run,,,,,,,,,,,,ifcn-examples-work/regular-selection/final-manifest.json,ff4b6c1b73aeca80eb9cc51a8ff174f22ca7401d333959e5e01b5e5559da4103,RuntimeError: P&R exit 1,,ifcn-examples-work/regular-final/cases/regular_heuristic/RES/TOY__clpl_source_generate__clpl_source/result.json,9c2afc70e0c8e2b1f3f44899cf66061d973ffa24b4d2fef0ffd98be27c52321f,,,
main_run,,regular_2ddwave,2DDWave,TOY__clpl_source_generate__clpl_source,tests/benchmarks_f/TOY/clpl_source_generate/clpl_source.v,../tests/benchmarks_f/TOY/clpl_source_generate/clpl_source.v,de7d65ca4373d2ed5089fa702ac40349d963ebdd3eb78e0d8c74013d284f5f62,validated,True,examples/regular_2ddwave/TOY/clpl_source_generate/clpl_source.ifcn,../examples/regular_2ddwave/TOY/clpl_source_generate/clpl_source.ifcn,13e4fbbad1f77d3f43a135b573138b6f4c6e8b0d2fb1b8d1b454c38b8e1fc1ce,dfd7d2597ca0ce5d70dae96edeb2c6eddf10a8d95755f4d6c16a97cac51c237a,5395a95147637cbc2ad1780d875a16e4e696bcc8dcd720d25b5fdd6f7cb82fb4,22,20,440,1236,passed,equivalent,2048,passed,passed_sampled,Bistable,deterministic_32_vector_sample,32,2048,16,128,2,3,0.5,62400,,fixed-launch-review,True,ifcn-examples-work/regular-selection/final-manifest.json,ff4b6c1b73aeca80eb9cc51a8ff174f22ca7401d333959e5e01b5e5559da4103,,"Physical passes first, then minimum area/cells among recorded current-revalidated same-source/scheme candidates; historical selection=True; Phase map encoded as 4x4 packed hex; geometry unchanged; current-mapper QCA bytes and SHA-256 identical before/after encoding.",ifcn-examples-work/regular-final/cases/regular_2ddwave/2DDWave/TOY__clpl_source_generate__clpl_source/result.json,bf8430b73e28baacbd6c06d5fdb757aafb03f67a5ed07424e39bd2e05d006309,ifcn-examples-work/fixed-launch-review/repaired/clpl/physical/report.json,e1dda1f7c2522097d78a99931557dbd3f277f6569230d59a50f06de2d6bf548d,53d917dd6a76c777784d503f7e663310d83873d56a5e5c18793050974a7d62c5
main_run,,regular_2ddwave,2DDWave,TOY__mux21,tests/benchmarks_f/TOY/mux21.v,../tests/benchmarks_f/TOY/mux21.v,0e439672e33b02fc619a7288e9b711e416a1566b7ac410d5cbf7b9e52fbad8c2,validated,True,examples/regular_2ddwave/TOY/mux21.ifcn,../examples/regular_2ddwave/TOY/mux21.ifcn,6c11f2436a95824c9b963ecedb448790fdf1af6ef51f314f186a97e1c156e55f,cc1fb637177a92d232970a2a5bb32bb9824fdd18b0b9ae83d3047db731e983a3,4fc5f2769b8f709e3e1ef3b6553fa5200e648bcfa811fe39574e9e26dc2c850c,4,4,16,80,passed,equivalent,8,passed,not_run,,not_run,,,,,,,,,,regular,True,ifcn-examples-work/regular-selection/final-manifest.json,ff4b6c1b73aeca80eb9cc51a8ff174f22ca7401d333959e5e01b5e5559da4103,,"Physical passes first, then minimum area/cells among recorded current-revalidated same-source/scheme candidates; historical selection=True; Phase map encoded as 4x4 packed hex; geometry unchanged; current-mapper QCA bytes and SHA-256 identical before/after encoding.",ifcn-examples-work/regular-final/cases/regular_2ddwave/2DDWave/TOY__mux21/result.json,fddf9e6989e8f0275d8fc18d2f5f650811bc15c53e34ec83897d770b85478610,,,366b3316fc570a17c5738291027d2bb2605c5ea6fcfd6416ac382c3f790564ee
main_run,,regular_heuristic,RES,TOY__mux41,tests/benchmarks_f/TOY/mux41.v,../tests/benchmarks_f/TOY/mux41.v,b8743fb320684d98b30060ee5a5b70ab5099ec814906e78680ca71c36f014959,search_failed,False,,,,,,,,,,not_run,not_run,,not_run,not_run,,not_run,,,,,,,,,,,,ifcn-examples-work/regular-selection/final-manifest.json,ff4b6c1b73aeca80eb9cc51a8ff174f22ca7401d333959e5e01b5e5559da4103,RuntimeError: P&R exit 1,,ifcn-examples-work/regular-final/cases/regular_heuristic/RES/TOY__mux41/result.json,c28ba3416932e6f57b178725236e1677c5a79def8d4e654e4d4e11243bd7d94e,,,
main_run,,regular_heuristic,2DDWave,TOY__mux41,tests/benchmarks_f/TOY/mux41.v,../tests/benchmarks_f/TOY/mux41.v,b8743fb320684d98b30060ee5a5b70ab5099ec814906e78680ca71c36f014959,search_failed,False,,,,,,,,,,not_run,not_run,,not_run,not_run,,not_run,,,,,,,,,,,,ifcn-examples-work/regular-selection/final-manifest.json,ff4b6c1b73aeca80eb9cc51a8ff174f22ca7401d333959e5e01b5e5559da4103,RuntimeError: P&R exit 1,,ifcn-examples-work/regular-final/cases/regular_heuristic/2DDWave/TOY__mux41/result.json,bed80994313af596b995ea03cd40b93ff97ba60b66084496a114125908bc8185,,,
main_run,,regular_heuristic,USE,TOY__mux41,tests/benchmarks_f/TOY/mux41.v,../tests/benchmarks_f/TOY/mux41.v,b8743fb320684d98b30060ee5a5b70ab5099ec814906e78680ca71c36f014959,search_failed,False,,,,,,,,,,not_run,not_run,,not_run,not_run,,not_run,,,,,,,,,,,,ifcn-examples-work/regular-selection/final-manifest.json,ff4b6c1b73aeca80eb9cc51a8ff174f22ca7401d333959e5e01b5e5559da4103,RuntimeError: P&R exit 1,,ifcn-examples-work/regular-final/cases/regular_heuristic/USE/TOY__mux41/result.json,129fc81105a3440bf9a706d87c57eb2eb8409877a8698d88448d08d6318fcd3e,,,
main_run,,regular_2ddwave,2DDWave,TOY__mux41,tests/benchmarks_f/TOY/mux41.v,../tests/benchmarks_f/TOY/mux41.v,b8743fb320684d98b30060ee5a5b70ab5099ec814906e78680ca71c36f014959,search_failed,True,examples/regular_2ddwave/TOY/mux41.ifcn,../examples/regular_2ddwave/TOY/mux41.ifcn,cf79b455de63e05b3a3a8b5c4fcf2fbaad2b2fb3869fbff54d3a1a7c3cb14fa1,0a411e9a24c0d169870395b1103fc09298e267195aa151b6a6807def7d6f2441,b3eb4911eb1dcd8f0e22e60a36054d9da68f26929a7097f725e8c47b735136f7,13,11,143,737,passed,equivalent,64,passed,not_run,,not_run,,,,,,,,,,regular,True,ifcn-examples-work/regular-selection/final-manifest.json,ff4b6c1b73aeca80eb9cc51a8ff174f22ca7401d333959e5e01b5e5559da4103,RuntimeError: P&R exit 1,"Physical passes first, then minimum area/cells among recorded current-revalidated same-source/scheme candidates; historical selection=True; Phase map encoded as 4x4 packed hex; geometry unchanged; current-mapper QCA bytes and SHA-256 identical before/after encoding.",ifcn-examples-work/regular-final/cases/regular_2ddwave/2DDWave/TOY__mux41/result.json,ea425cdd1bb498177439eef64796acc5beb5cedf333a227e58d125cf2ed6222e,,,58ef9fc8810bf07d90b578a10ca5f622846ce359a95fecf133b97086dfa8b862
main_run,,regular_heuristic,USE,TOY__mux41_source_generate__mux41_source,tests/benchmarks_f/TOY/mux41_source_generate/mux41_source.v,../tests/benchmarks_f/TOY/mux41_source_generate/mux41_source.v,b8743fb320684d98b30060ee5a5b70ab5099ec814906e78680ca71c36f014959,search_failed,False,,,,,,,,,,not_run,not_run,,not_run,not_run,,not_run,,,,,,,,,,,,ifcn-examples-work/regular-selection/final-manifest.json,ff4b6c1b73aeca80eb9cc51a8ff174f22ca7401d333959e5e01b5e5559da4103,RuntimeError: P&R exit 1,,ifcn-examples-work/regular-final/cases/regular_heuristic/USE/TOY__mux41_source_generate__mux41_source/result.json,d1c4c2430f24f658eedf97b656ee1bf44d1380f39042933b8cf32f4cf014605f,,,
main_run,,regular_heuristic,2DDWave,TOY__mux41_source_generate__mux41_source,tests/benchmarks_f/TOY/mux41_source_generate/mux41_source.v,../tests/benchmarks_f/TOY/mux41_source_generate/mux41_source.v,b8743fb320684d98b30060ee5a5b70ab5099ec814906e78680ca71c36f014959,search_failed,False,,,,,,,,,,not_run,not_run,,not_run,not_run,,not_run,,,,,,,,,,,,ifcn-examples-work/regular-selection/final-manifest.json,ff4b6c1b73aeca80eb9cc51a8ff174f22ca7401d333959e5e01b5e5559da4103,RuntimeError: P&R exit 1,,ifcn-examples-work/regular-final/cases/regular_heuristic/2DDWave/TOY__mux41_source_generate__mux41_source/result.json,3491dbdfb7606db24a6529bfcba8ceaa848e3bac7f16e2ab46777729ccbbdbbe,,,
main_run,,regular_heuristic,RES,TOY__mux41_source_generate__mux41_source,tests/benchmarks_f/TOY/mux41_source_generate/mux41_source.v,../tests/benchmarks_f/TOY/mux41_source_generate/mux41_source.v,b8743fb320684d98b30060ee5a5b70ab5099ec814906e78680ca71c36f014959,search_failed,False,,,,,,,,,,not_run,not_run,,not_run,not_run,,not_run,,,,,,,,,,,,ifcn-examples-work/regular-selection/final-manifest.json,ff4b6c1b73aeca80eb9cc51a8ff174f22ca7401d333959e5e01b5e5559da4103,RuntimeError: P&R exit 1,,ifcn-examples-work/regular-final/cases/regular_heuristic/RES/TOY__mux41_source_generate__mux41_source/result.json,dc283b453e6ef9873c059c5fef718b4d16df2dc3c981369ca275acb8fd111027,,,
main_run,,regular_2ddwave,2DDWave,TOY__mux41_source_generate__mux41_source,tests/benchmarks_f/TOY/mux41_source_generate/mux41_source.v,../tests/benchmarks_f/TOY/mux41_source_generate/mux41_source.v,b8743fb320684d98b30060ee5a5b70ab5099ec814906e78680ca71c36f014959,search_failed,True,examples/regular_2ddwave/TOY/mux41_source_generate/mux41_source.ifcn,../examples/regular_2ddwave/TOY/mux41_source_generate/mux41_source.ifcn,d52a7673701dda0dfeb074c224a043cad9b4c7846a995005ab491da6210ed6ae,0a411e9a24c0d169870395b1103fc09298e267195aa151b6a6807def7d6f2441,b3eb4911eb1dcd8f0e22e60a36054d9da68f26929a7097f725e8c47b735136f7,13,11,143,737,passed,equivalent,64,passed,not_run,,not_run,,,,,,,,,,regular,True,ifcn-examples-work/regular-selection/final-manifest.json,ff4b6c1b73aeca80eb9cc51a8ff174f22ca7401d333959e5e01b5e5559da4103,RuntimeError: P&R exit 1,"Physical passes first, then minimum area/cells among recorded current-revalidated same-source/scheme candidates; historical selection=True; Phase map encoded as 4x4 packed hex; geometry unchanged; current-mapper QCA bytes and SHA-256 identical before/after encoding.",ifcn-examples-work/regular-final/cases/regular_2ddwave/2DDWave/TOY__mux41_source_generate__mux41_source/result.json,01b0dd10842e1714ed1412960271fc37550fde639692b694917e34d9a07b963e,,,679e97bed9894fcb78146492b6afda8e8be7d28b66422285ce4365eb2ee8bef1
main_run,,regular_heuristic,USE,TOY__paper_2ddwave_carry_demo,tests/benchmarks_f/TOY/paper_2ddwave_carry_demo.v,../tests/benchmarks_f/TOY/paper_2ddwave_carry_demo.v,6ca095f8078db5c78fe54863b447481defad26aad1b8d9f061f0d0d2d0a3c8d3,validated,True,examples/regular_heuristic/USE/TOY/paper_2ddwave_carry_demo.ifcn,../examples/regular_heuristic/USE/TOY/paper_2ddwave_carry_demo.ifcn,f61e43b2036c7c2b94183fa1e53a7f5d99a86f6870a5d22082e5eab95567280b,e63ec68d7271110ffcfade46e4deb2d9f5f886491543279212e7d5461ffc5899,6cebb41e33188330abd044f947b1aa5975310737f5071040fab8207efb5cd1a2,9,5,45,152,passed,equivalent,8,passed,not_run,,not_run,,,,,,,,,,regular-final,True,ifcn-examples-work/regular-selection/final-manifest.json,ff4b6c1b73aeca80eb9cc51a8ff174f22ca7401d333959e5e01b5e5559da4103,,"Physical passes first, then minimum area/cells among recorded current-revalidated same-source/scheme candidates; historical selection=False; Phase map encoded as 4x4 packed hex; geometry unchanged; current-mapper QCA bytes and SHA-256 identical before/after encoding.",ifcn-examples-work/regular-final/cases/regular_heuristic/USE/TOY__paper_2ddwave_carry_demo/result.json,eb43d29c237ac31709101681a1843acd07a0b8dcb6f4fc6001222d688e2f6460,,,8736d838a8c671215c311881772d81873c8f4f32139defdd2aae3c82f3c2a6ba
main_run,,regular_heuristic,RES,TOY__paper_2ddwave_carry_demo,tests/benchmarks_f/TOY/paper_2ddwave_carry_demo.v,../tests/benchmarks_f/TOY/paper_2ddwave_carry_demo.v,6ca095f8078db5c78fe54863b447481defad26aad1b8d9f061f0d0d2d0a3c8d3,validated,True,examples/regular_heuristic/RES/TOY/paper_2ddwave_carry_demo.ifcn,../examples/regular_heuristic/RES/TOY/paper_2ddwave_carry_demo.ifcn,7cbc61d3677a6148cb26380996c2dafd451182d75fd9b96ba1c5d44d8b44f3a9,73c14c022b641211efa5f160f2de327e32d9fc4bd9627028b21f529b6f094057,10d3149379720d861d23948bbfea050cd1214cdfcf864b42fb203db64ee0e2a4,7,8,56,195,passed,equivalent,8,passed,not_run,,not_run,,,,,,,,,,regular-final,True,ifcn-examples-work/regular-selection/final-manifest.json,ff4b6c1b73aeca80eb9cc51a8ff174f22ca7401d333959e5e01b5e5559da4103,,"Physical passes first, then minimum area/cells among recorded current-revalidated same-source/scheme candidates; historical selection=False; Phase map encoded as 4x4 packed hex; geometry unchanged; current-mapper QCA bytes and SHA-256 identical before/after encoding.",ifcn-examples-work/regular-final/cases/regular_heuristic/RES/TOY__paper_2ddwave_carry_demo/result.json,387b4da0edfcf2f4c6971f0a2e9aa4551a131c72680ee02596d9752e080761ee,,,d7ecadfa9d30f67d460bf4360862660d8dde6afb8b9c8c732ac8cd841b076a69
main_run,,regular_heuristic,2DDWave,TOY__newtag,tests/benchmarks_f/TOY/newtag.v,../tests/benchmarks_f/TOY/newtag.v,a14bc5854351fe03b12f3e0975cb426e6a843ac263bf47073df2f89fe749c754,validated,True,examples/regular_heuristic/2DDWave/TOY/newtag.ifcn,../examples/regular_heuristic/2DDWave/TOY/newtag.ifcn,bc9fa5117c350d59011ad7ea563a9dc8466983add856c8e8b060f91dd7f0b414,471fc00c8d4cd8bb2444811fdb9b00215044415440ec3177aa6aa942ce0787b7,2e4f41c9dbb21f1d90b59a8a2004bbfe3c3f8cd5739b41e7f3edd5a2a4a75798,9,9,81,255,passed,equivalent,256,passed,not_run,,not_run,,,,,,,,,,regular-final,True,ifcn-examples-work/regular-selection/final-manifest.json,ff4b6c1b73aeca80eb9cc51a8ff174f22ca7401d333959e5e01b5e5559da4103,,"Physical passes first, then minimum area/cells among recorded current-revalidated same-source/scheme candidates; historical selection=False; Phase map encoded as 4x4 packed hex; geometry unchanged; current-mapper QCA bytes and SHA-256 identical before/after encoding.",ifcn-examples-work/regular-final/cases/regular_heuristic/2DDWave/TOY__newtag/result.json,715d0af8f8f65855bdf568195f09691ac62991aea237470a63928604e847264a,,,fae93b75018aaf0924bf528285156f34c547dd9f68bd0fd73425887263ca74bc
main_run,,regular_heuristic,RES,TOY__newtag,tests/benchmarks_f/TOY/newtag.v,../tests/benchmarks_f/TOY/newtag.v,a14bc5854351fe03b12f3e0975cb426e6a843ac263bf47073df2f89fe749c754,search_failed,False,,,,,,,,,,not_run,not_run,,not_run,not_run,,not_run,,,,,,,,,,,,ifcn-examples-work/regular-selection/final-manifest.json,ff4b6c1b73aeca80eb9cc51a8ff174f22ca7401d333959e5e01b5e5559da4103,RuntimeError: P&R exit 1,,ifcn-examples-work/regular-final/cases/regular_heuristic/RES/TOY__newtag/result.json,b8f0be5c2d7157cd7d4cfdb890a9de41ad59285058d73822f71816f74b36cbea,,,
main_run,,regular_heuristic,2DDWave,TOY__paper_2ddwave_carry_demo,tests/benchmarks_f/TOY/paper_2ddwave_carry_demo.v,../tests/benchmarks_f/TOY/paper_2ddwave_carry_demo.v,6ca095f8078db5c78fe54863b447481defad26aad1b8d9f061f0d0d2d0a3c8d3,validated,True,examples/regular_heuristic/2DDWave/TOY/paper_2ddwave_carry_demo.ifcn,../examples/regular_heuristic/2DDWave/TOY/paper_2ddwave_carry_demo.ifcn,c111977371bcfd6b732e2d2749a3dcfd7392d7c9fbbd0c15cacd1373e503d302,6697dd45aa22d26edbbf4f2869e817c06b5889ae92d992c40ca986b7997c1ee6,04ba0d8385ed90af37773c54bf9d485ae8325adebbb121540430e5f9287624ce,5,6,30,145,passed,equivalent,8,passed,not_run,,not_run,,,,,,,,,,regular-final,True,ifcn-examples-work/regular-selection/final-manifest.json,ff4b6c1b73aeca80eb9cc51a8ff174f22ca7401d333959e5e01b5e5559da4103,,"Physical passes first, then minimum area/cells among recorded current-revalidated same-source/scheme candidates; historical selection=False; Phase map encoded as 4x4 packed hex; geometry unchanged; current-mapper QCA bytes and SHA-256 identical before/after encoding.",ifcn-examples-work/regular-final/cases/regular_heuristic/2DDWave/TOY__paper_2ddwave_carry_demo/result.json,36ea34db7311af6c376881c0c60510c597cba3fb5177bfc3a4956636c22622e1,,,58cb35e4d1c2786469bbe4b20670fd88bab05abf3ca6f14af2a4b608cc0a973b
main_run,,regular_heuristic,USE,TOY__newtag,tests/benchmarks_f/TOY/newtag.v,../tests/benchmarks_f/TOY/newtag.v,a14bc5854351fe03b12f3e0975cb426e6a843ac263bf47073df2f89fe749c754,search_failed,False,,,,,,,,,,not_run,not_run,,not_run,not_run,,not_run,,,,,,,,,,,,ifcn-examples-work/regular-selection/final-manifest.json,ff4b6c1b73aeca80eb9cc51a8ff174f22ca7401d333959e5e01b5e5559da4103,RuntimeError: P&R exit 1,,ifcn-examples-work/regular-final/cases/regular_heuristic/USE/TOY__newtag/result.json,48ad7b2c8618461cab2197f7c2187d50f26bb5cc22121eca5892a239490d23ce,,,
main_run,,regular_2ddwave,2DDWave,TOY__paper_2ddwave_carry_demo,tests/benchmarks_f/TOY/paper_2ddwave_carry_demo.v,../tests/benchmarks_f/TOY/paper_2ddwave_carry_demo.v,6ca095f8078db5c78fe54863b447481defad26aad1b8d9f061f0d0d2d0a3c8d3,validated,True,examples/regular_2ddwave/TOY/paper_2ddwave_carry_demo.ifcn,../examples/regular_2ddwave/TOY/paper_2ddwave_carry_demo.ifcn,723fd1c04105d24115e6ccf24b5e06e5f80ba60a5953fba60a737bc2618ae617,b0c6e1345a83bbef58d6a053069ee6f06c9019291f2e6d7a14803c273f778a8d,c4d98a00f6aaa7260e6585fd91de8af0dda8454b4ec64f978979d5068a0c8fef,4,5,20,125,passed,equivalent,8,passed,not_run,,not_run,,,,,,,,,,regular,True,ifcn-examples-work/regular-selection/final-manifest.json,ff4b6c1b73aeca80eb9cc51a8ff174f22ca7401d333959e5e01b5e5559da4103,,"Physical passes first, then minimum area/cells among recorded current-revalidated same-source/scheme candidates; historical selection=True; Phase map encoded as 4x4 packed hex; geometry unchanged; current-mapper QCA bytes and SHA-256 identical before/after encoding.",ifcn-examples-work/regular-final/cases/regular_2ddwave/2DDWave/TOY__paper_2ddwave_carry_demo/result.json,c55b5e04d406e1344d45acf65686e4fbaf4f35fdc093c436610feb838b25a616,,,b5be137b648152379771d44cb67e10c204cad3699d102cd764ccaf647bf5517e
main_run,,regular_heuristic,USE,TOY__paper_2ddwave_crossing_demo,tests/benchmarks_f/TOY/paper_2ddwave_crossing_demo.v,../tests/benchmarks_f/TOY/paper_2ddwave_crossing_demo.v,d471dfe2cfa54e7db65277d0e1a4f0b5f0a5f9e4d0db19ae1a81f431fc669e18,validated,True,examples/regular_heuristic/USE/TOY/paper_2ddwave_crossing_demo.ifcn,../examples/regular_heuristic/USE/TOY/paper_2ddwave_crossing_demo.ifcn,5a4059062bb14fe69162ac25191c18c767c5c277a0e324204a5aec8acd9d5021,84678db64bf0c2da75cf1df7af4e644c3c95e6f1ba29ce8daaf6c918b4c82585,fb9e80402c15cafa3379f33310bb854124ac444dd7f71f76cfd5016405e87bc6,5,3,15,69,passed,equivalent,8,passed,not_run,,not_run,,,,,,,,,,regular-final,True,ifcn-examples-work/regular-selection/final-manifest.json,ff4b6c1b73aeca80eb9cc51a8ff174f22ca7401d333959e5e01b5e5559da4103,,"Physical passes first, then minimum area/cells among recorded current-revalidated same-source/scheme candidates; historical selection=False; Phase map encoded as 4x4 packed hex; geometry unchanged; current-mapper QCA bytes and SHA-256 identical before/after encoding.",ifcn-examples-work/regular-final/cases/regular_heuristic/USE/TOY__paper_2ddwave_crossing_demo/result.json,b15b13df0cdae11dd9faea5a7f9f3be1977acdac5b1f4a2036471fa90544b4e7,,,dc4b34267099d056aff7cfa1e3df901582a6068f8f1671c98763ffcfbf6a57a4
main_run,,regular_heuristic,RES,TOY__paper_2ddwave_crossing_demo,tests/benchmarks_f/TOY/paper_2ddwave_crossing_demo.v,../tests/benchmarks_f/TOY/paper_2ddwave_crossing_demo.v,d471dfe2cfa54e7db65277d0e1a4f0b5f0a5f9e4d0db19ae1a81f431fc669e18,validated,True,examples/regular_heuristic/RES/TOY/paper_2ddwave_crossing_demo.ifcn,../examples/regular_heuristic/RES/TOY/paper_2ddwave_crossing_demo.ifcn,2fdc521509e8099e2708a8f1ae582bd2b14deee8db7d607669c101c73ae5ae6c,9bfef1d7e3b1043c7bc28c837425b3250b6f2604fb349a4e35a52339fb51fd86,8f8b91819c5f52c4e8f2f02ff02f8005268a44c2b5d0643182dd325d939fc2d5,3,4,12,69,passed,equivalent,8,passed,not_run,,not_run,,,,,,,,,,regular-final,True,ifcn-examples-work/regular-selection/final-manifest.json,ff4b6c1b73aeca80eb9cc51a8ff174f22ca7401d333959e5e01b5e5559da4103,,"Physical passes first, then minimum area/cells among recorded current-revalidated same-source/scheme candidates; historical selection=False; Phase map encoded as 4x4 packed hex; geometry unchanged; current-mapper QCA bytes and SHA-256 identical before/after encoding.",ifcn-examples-work/regular-final/cases/regular_heuristic/RES/TOY__paper_2ddwave_crossing_demo/result.json,b3c245588af52bef3020e481682c569df8ad4465ebc6bbdc43a71f4584a2f0c6,,,458d6bee1fd7551c4d0c347f24a3b5e089d4bb0bcdc0127d995804ca40ea6d5c
main_run,,regular_2ddwave,2DDWave,TOY__newtag,tests/benchmarks_f/TOY/newtag.v,../tests/benchmarks_f/TOY/newtag.v,a14bc5854351fe03b12f3e0975cb426e6a843ac263bf47073df2f89fe749c754,validated,True,examples/regular_2ddwave/TOY/newtag.ifcn,../examples/regular_2ddwave/TOY/newtag.ifcn,c5a50a7c929cc483e27982ddd5cba925d44c2939bb84d689901ac82b5a65eb26,f764b83a1778fbbda6e913b3449d7a747063d3b2ef9e9f21b3767be926aec1b4,697689df6ae6469e8bed2ead3ad7b63157a7264274f0bed9aba780fb7fa50714,18,14,252,810,passed,equivalent,256,passed,not_run,,not_run,,,,,,,,,,regular-final,True,ifcn-examples-work/regular-selection/final-manifest.json,ff4b6c1b73aeca80eb9cc51a8ff174f22ca7401d333959e5e01b5e5559da4103,,"Physical passes first, then minimum area/cells among recorded current-revalidated same-source/scheme candidates; historical selection=False; Phase map encoded as 4x4 packed hex; geometry unchanged; current-mapper QCA bytes and SHA-256 identical before/after encoding.",ifcn-examples-work/regular-final/cases/regular_2ddwave/2DDWave/TOY__newtag/result.json,833e72f2b34c9709915cceb4d9a1d3c8e5bded02e628c7ed82e3f4e4a927ffa0,,,e5abbeac1c46ced6e64f259e83dbef27bc411d084dd8e18080f2cfd15cb0ca64
main_run,,regular_heuristic,USE,TOY__paper_2ddwave_xor_demo,tests/benchmarks_f/TOY/paper_2ddwave_xor_demo.v,../tests/benchmarks_f/TOY/paper_2ddwave_xor_demo.v,bcb7240baad4c23bfb91d93824e44ff1417d65cabe9e51bb30827a03690eeec6,validated,True,examples/regular_heuristic/USE/TOY/paper_2ddwave_xor_demo.ifcn,../examples/regular_heuristic/USE/TOY/paper_2ddwave_xor_demo.ifcn,04137a241409dd5e0c6a1043391bf37a9cdc7d0adce707f64650b6cb5a50364d,e94fe4500e0b0e87a75edcca36a0f01f97c65b5107ffcc2bf9a8a6d0b414a28d,110fd4353deeb74be16d2823f7fc384360f7d6f77e009814b36dac5db7344f5f,3,3,9,56,passed,equivalent,4,passed,not_run,,not_run,,,,,,,,,,regular-final,True,ifcn-examples-work/regular-selection/final-manifest.json,ff4b6c1b73aeca80eb9cc51a8ff174f22ca7401d333959e5e01b5e5559da4103,,"Physical passes first, then minimum area/cells among recorded current-revalidated same-source/scheme candidates; historical selection=False; Phase map encoded as 4x4 packed hex; geometry unchanged; current-mapper QCA bytes and SHA-256 identical before/after encoding.",ifcn-examples-work/regular-final/cases/regular_heuristic/USE/TOY__paper_2ddwave_xor_demo/result.json,f7268ccb51af1159e1d357aa902a6872fdd791b7dfbc8e7d3c42bdc5f5b4e51c,,,5112692217d09a3d5db6a144d04e57d2cb7f855d30facbcc730269b01ca4bafb
main_run,,regular_2ddwave,2DDWave,TOY__paper_2ddwave_crossing_demo,tests/benchmarks_f/TOY/paper_2ddwave_crossing_demo.v,../tests/benchmarks_f/TOY/paper_2ddwave_crossing_demo.v,d471dfe2cfa54e7db65277d0e1a4f0b5f0a5f9e4d0db19ae1a81f431fc669e18,validated,True,examples/regular_2ddwave/TOY/paper_2ddwave_crossing_demo.ifcn,../examples/regular_2ddwave/TOY/paper_2ddwave_crossing_demo.ifcn,932e7155692b0f3da8e036bf8f812b86887b9aecbbff9f5ae06fc0d5486e6bd4,1757f55dc79f98a688f5b714d5c0d645df9c2d9864a507ad284017c2a700917e,d4b70bc22153946dc2764491b4f2083ea3dbb8fd914779b6ff784333cc6dfbb7,4,4,16,93,passed,equivalent,8,passed,not_run,,not_run,,,,,,,,,,regular-final,True,ifcn-examples-work/regular-selection/final-manifest.json,ff4b6c1b73aeca80eb9cc51a8ff174f22ca7401d333959e5e01b5e5559da4103,,"Physical passes first, then minimum area/cells among recorded current-revalidated same-source/scheme candidates; historical selection=False; Phase map encoded as 4x4 packed hex; geometry unchanged; current-mapper QCA bytes and SHA-256 identical before/after encoding.",ifcn-examples-work/regular-final/cases/regular_2ddwave/2DDWave/TOY__paper_2ddwave_crossing_demo/result.json,b73d1fb0bac8c6fd09ef88e9ff9cd6cb4bc5256e97b29ad1873fe9ab5cf8e2d8,,,2ed604d4f9a890626f47c59afe0129b8e41c39308800d19c86011ca7cf1242b8
main_run,,regular_heuristic,2DDWave,TOY__paper_2ddwave_crossing_demo,tests/benchmarks_f/TOY/paper_2ddwave_crossing_demo.v,../tests/benchmarks_f/TOY/paper_2ddwave_crossing_demo.v,d471dfe2cfa54e7db65277d0e1a4f0b5f0a5f9e4d0db19ae1a81f431fc669e18,validated,True,examples/regular_heuristic/2DDWave/TOY/paper_2ddwave_crossing_demo.ifcn,../examples/regular_heuristic/2DDWave/TOY/paper_2ddwave_crossing_demo.ifcn,27c5589151746ab61e42a5c8696030d1c851665dc6a0c95989cc2b715136b8c1,21db15c322c2cec08fa1d9af117555b8cd5eaf07dbebcdb70c7789f56e20836c,dea6bba6c8601b901445b7cd0fe37182e40b173c64050686a4064319bd46896a,5,4,20,107,passed,equivalent,8,passed,not_run,,not_run,,,,,,,,,,regular-final,True,ifcn-examples-work/regular-selection/final-manifest.json,ff4b6c1b73aeca80eb9cc51a8ff174f22ca7401d333959e5e01b5e5559da4103,,"Physical passes first, then minimum area/cells among recorded current-revalidated same-source/scheme candidates; historical selection=False; Phase map encoded as 4x4 packed hex; geometry unchanged; current-mapper QCA bytes and SHA-256 identical before/after encoding.",ifcn-examples-work/regular-final/cases/regular_heuristic/2DDWave/TOY__paper_2ddwave_crossing_demo/result.json,ae6be025277818d8313ebfbe246c007fc9488cf08faa5f43ab5c01488993cbe5,,,b4e84f602b7e1a096f15667d72e0f983130ccd93794d47bfdeb751909dea5662
main_run,,regular_heuristic,RES,TOY__paper_2ddwave_xor_demo,tests/benchmarks_f/TOY/paper_2ddwave_xor_demo.v,../tests/benchmarks_f/TOY/paper_2ddwave_xor_demo.v,bcb7240baad4c23bfb91d93824e44ff1417d65cabe9e51bb30827a03690eeec6,validated,True,examples/regular_heuristic/RES/TOY/paper_2ddwave_xor_demo.ifcn,../examples/regular_heuristic/RES/TOY/paper_2ddwave_xor_demo.ifcn,0025f375f9f1d871c872aeda05f5c83aa7b20f44ae51e4f2e47825ad8c4cead6,8ca15701c43abd11a4962b0135229e45c32a894db79725d70b67f83f7ff86227,9e41330415608e9cebbce68e9cb9c31d3c15f255d80ff04ee0fda9d7808f27c0,3,3,9,56,passed,equivalent,4,passed,not_run,,not_run,,,,,,,,,,regular-final,True,ifcn-examples-work/regular-selection/final-manifest.json,ff4b6c1b73aeca80eb9cc51a8ff174f22ca7401d333959e5e01b5e5559da4103,,"Physical passes first, then minimum area/cells among recorded current-revalidated same-source/scheme candidates; historical selection=False; Phase map encoded as 4x4 packed hex; geometry unchanged; current-mapper QCA bytes and SHA-256 identical before/after encoding.",ifcn-examples-work/regular-final/cases/regular_heuristic/RES/TOY__paper_2ddwave_xor_demo/result.json,d1d321410dc69f4267c6eed1e7cf6ca3b3b074ef2b9d066389f85258a8883ee4,,,42219a4e9a83fefb0eff65bfcfa022a93200ffc3183229774eec68091fa999e7
main_run,,regular_2ddwave,2DDWave,TOY__paper_2ddwave_xor_demo,tests/benchmarks_f/TOY/paper_2ddwave_xor_demo.v,../tests/benchmarks_f/TOY/paper_2ddwave_xor_demo.v,bcb7240baad4c23bfb91d93824e44ff1417d65cabe9e51bb30827a03690eeec6,validated,True,examples/regular_2ddwave/TOY/paper_2ddwave_xor_demo.ifcn,../examples/regular_2ddwave/TOY/paper_2ddwave_xor_demo.ifcn,2ec18d68392c84c5c21d6779a46ce7601017bf28280cadc90e4e6b55a3e8700c,d0774ed16fe5d264e57a60a71db9a69228b246debd20c91d97f132c460ab1ceb,6664c7cdc01fdd2a72dc575bf2b5ae796838bed1bbdd69c062afc230bc9b2866,3,4,12,74,passed,equivalent,4,passed,not_run,,not_run,,,,,,,,,,regular-final,True,ifcn-examples-work/regular-selection/final-manifest.json,ff4b6c1b73aeca80eb9cc51a8ff174f22ca7401d333959e5e01b5e5559da4103,,"Physical passes first, then minimum area/cells among recorded current-revalidated same-source/scheme candidates; historical selection=False; Phase map encoded as 4x4 packed hex; geometry unchanged; current-mapper QCA bytes and SHA-256 identical before/after encoding.",ifcn-examples-work/regular-final/cases/regular_2ddwave/2DDWave/TOY__paper_2ddwave_xor_demo/result.json,67cf072a480c021279b9e9b48b8929207715347886502bf38ed47a3b9f956339,,,ab4e5cf2b90cdd962c81435a536ca2506d02ed92ffc0d86f54509a21b506e664
main_run,,regular_heuristic,2DDWave,TOY__paper_2ddwave_xor_demo,tests/benchmarks_f/TOY/paper_2ddwave_xor_demo.v,../tests/benchmarks_f/TOY/paper_2ddwave_xor_demo.v,bcb7240baad4c23bfb91d93824e44ff1417d65cabe9e51bb30827a03690eeec6,validated,True,examples/regular_heuristic/2DDWave/TOY/paper_2ddwave_xor_demo.ifcn,../examples/regular_heuristic/2DDWave/TOY/paper_2ddwave_xor_demo.ifcn,87e0e6b897d3c0f10ffad70ea80021cf5c9bbcdb0db79ed92844d2ead57152c8,47d9deecc5abe75880df48bcd06a02a55b56004f7668171ee22d97a845e32e3e,53f897f10f299cb5fb9cdc83e4eabafc9db8ade5c6e298ebb5368ce29a59c029,8,5,40,155,passed,equivalent,4,passed,not_run,,not_run,,,,,,,,,,regular-pi,True,ifcn-examples-work/regular-selection/final-manifest.json,ff4b6c1b73aeca80eb9cc51a8ff174f22ca7401d333959e5e01b5e5559da4103,,"Physical passes first, then minimum area/cells among recorded current-revalidated same-source/scheme candidates; historical selection=True; Phase map encoded as 4x4 packed hex; geometry unchanged; current-mapper QCA bytes and SHA-256 identical before/after encoding.",ifcn-examples-work/regular-final/cases/regular_heuristic/2DDWave/TOY__paper_2ddwave_xor_demo/result.json,ffaebc118edcc834240d1c2e219cc5f69d5c96c6a5e802d09bac90b1568c61e7,,,1df7dc435b35a2f241b67bbece7eb08f516bee2c00bb162a4a791e79c0f43da8
main_run,,regular_heuristic,RES,TOY__par_check,tests/benchmarks_f/TOY/par_check.v,../tests/benchmarks_f/TOY/par_check.v,7d7e761c65310c266ccaa41806fdb781e68d9ed6e962cd92c35efd0a05aa252c,search_failed,False,,,,,,,,,,not_run,not_run,,not_run,not_run,,not_run,,,,,,,,,,,,ifcn-examples-work/regular-selection/final-manifest.json,ff4b6c1b73aeca80eb9cc51a8ff174f22ca7401d333959e5e01b5e5559da4103,RuntimeError: P&R exit 1,,ifcn-examples-work/regular-final/cases/regular_heuristic/RES/TOY__par_check/result.json,213e313199f1a70fbc3706fa39f797a40f9316d4b8a88ad844db6e1cb13cba17,,,
main_run,,regular_heuristic,2DDWave,TOY__par_check,tests/benchmarks_f/TOY/par_check.v,../tests/benchmarks_f/TOY/par_check.v,7d7e761c65310c266ccaa41806fdb781e68d9ed6e962cd92c35efd0a05aa252c,search_failed,False,,,,,,,,,,not_run,not_run,,not_run,not_run,,not_run,,,,,,,,,,,,ifcn-examples-work/regular-selection/final-manifest.json,ff4b6c1b73aeca80eb9cc51a8ff174f22ca7401d333959e5e01b5e5559da4103,RuntimeError: P&R exit 1,,ifcn-examples-work/regular-final/cases/regular_heuristic/2DDWave/TOY__par_check/result.json,b8fea6f4e682030c8b4c9e30ff126990a2be9fed1a80295b6682f58b33615eb0,,,
main_run,,regular_heuristic,USE,TOY__par_check,tests/benchmarks_f/TOY/par_check.v,../tests/benchmarks_f/TOY/par_check.v,7d7e761c65310c266ccaa41806fdb781e68d9ed6e962cd92c35efd0a05aa252c,search_failed,False,,,,,,,,,,not_run,not_run,,not_run,not_run,,not_run,,,,,,,,,,,,ifcn-examples-work/regular-selection/final-manifest.json,ff4b6c1b73aeca80eb9cc51a8ff174f22ca7401d333959e5e01b5e5559da4103,RuntimeError: P&R exit 1,,ifcn-examples-work/regular-final/cases/regular_heuristic/USE/TOY__par_check/result.json,60333414fa191d41a411ffbbf97a0ae1e537f413465185854f93cbdd1f0137ae,,,
main_run,,regular_heuristic,USE,TOY__par_gen,tests/benchmarks_f/TOY/par_gen.v,../tests/benchmarks_f/TOY/par_gen.v,9b345754736a4fff843aee1499631f401cd5fe39214c7e649343a880eb028762,search_failed,False,,,,,,,,,,not_run,not_run,,not_run,not_run,,not_run,,,,,,,,,,,,ifcn-examples-work/regular-selection/final-manifest.json,ff4b6c1b73aeca80eb9cc51a8ff174f22ca7401d333959e5e01b5e5559da4103,RuntimeError: P&R exit 1,,ifcn-examples-work/regular-final/cases/regular_heuristic/USE/TOY__par_gen/result.json,2a471a4d50d22151551da4861c6c0f9e7c01902b62cb4c1ad31d06e07f657a5d,,,
main_run,,regular_2ddwave,2DDWave,TOY__par_check,tests/benchmarks_f/TOY/par_check.v,../tests/benchmarks_f/TOY/par_check.v,7d7e761c65310c266ccaa41806fdb781e68d9ed6e962cd92c35efd0a05aa252c,validated,True,examples/regular_2ddwave/TOY/par_check__drc_only.ifcn,../examples/regular_2ddwave/TOY/par_check__drc_only.ifcn,32cbafe3c560548259cd4bcb0c4a76343fd50a76ba02da3c25eacbd877c24d0a,0fd8963fbdeee615d133087a8a0de500a536a6c25480998957a244e7fbd67f1f,71aac430ffa62eb583e10d3235592192d43c8b6fcd796ed65ec70e85d2d53568,9,10,90,405,passed,equivalent,16,passed,failed,Bistable,exhaustive,16,16,16,128,2,3,0.5,6240,,fixed-launch-review,True,ifcn-examples-work/regular-selection/final-manifest.json,ff4b6c1b73aeca80eb9cc51a8ff174f22ca7401d333959e5e01b5e5559da4103,Recorded settled physical truth failure,"Physical passes first, then minimum area/cells among recorded current-revalidated same-source/scheme candidates; historical selection=True; Phase map encoded as 4x4 packed hex; geometry unchanged; current-mapper QCA bytes and SHA-256 identical before/after encoding.",ifcn-examples-work/regular-final/cases/regular_2ddwave/2DDWave/TOY__par_check/result.json,db8ed1049eb344d5e784cb45848cf648bb026bdcd6852dfbe6e67cbada4f4914,ifcn-examples-work/fixed-launch-review/repaired/par_check/physical/report.json,2773438bbf64ddd93bb51ae4718f8df89576d2139896709cd7dffc858dee3a80,4eafb4a3465ca49c2793bee163128f979db6a32a6e98338a5ac5f35d43c7a69f
main_run,,regular_2ddwave,2DDWave,TOY__par_gen,tests/benchmarks_f/TOY/par_gen.v,../tests/benchmarks_f/TOY/par_gen.v,9b345754736a4fff843aee1499631f401cd5fe39214c7e649343a880eb028762,validated,True,examples/regular_2ddwave/TOY/par_gen__drc_only.ifcn,../examples/regular_2ddwave/TOY/par_gen__drc_only.ifcn,2c5f9f607aaf645432a24d3742e7e28c83420c02ec7205723bf28f23c4a5a6bd,5af907261189c5410948e6c598cec7a7991f0fbf1d4b110cfc2357ee8fafab45,ae4e16bb4f1c8ea3b4ba1c3ec9d420465fc25ee6aacd48a5c4fca127dcc946ad,9,10,90,310,passed,equivalent,8,passed,failed,Bistable,exhaustive,8,8,16,128,2,3,0.5,3120,,regular-final,True,ifcn-examples-work/regular-selection/final-manifest.json,ff4b6c1b73aeca80eb9cc51a8ff174f22ca7401d333959e5e01b5e5559da4103,Recorded settled physical truth failure,"Physical passes first, then minimum area/cells among recorded current-revalidated same-source/scheme candidates; historical selection=False; Phase map encoded as 4x4 packed hex; geometry unchanged; current-mapper QCA bytes and SHA-256 identical before/after encoding.",ifcn-examples-work/regular-final/cases/regular_2ddwave/2DDWave/TOY__par_gen/result.json,c0b0ec3ecafd11626dc1d0a5c71599ffe229c4307787d8df32beb585025526b5,ifcn-examples-work/fixed-launch-review/repaired/par_gen/physical/report.json,add2225da316d96601e76b741754f3e780291396f8d4ec534ef1df58ad08caad,663febe745a2e2af9eb16a1208eed0cf452f3939070c1245d54ea28caaac0dee
main_run,,regular_heuristic,RES,TOY__par_gen,tests/benchmarks_f/TOY/par_gen.v,../tests/benchmarks_f/TOY/par_gen.v,9b345754736a4fff843aee1499631f401cd5fe39214c7e649343a880eb028762,search_failed,False,,,,,,,,,,not_run,not_run,,not_run,not_run,,not_run,,,,,,,,,,,,ifcn-examples-work/regular-selection/final-manifest.json,ff4b6c1b73aeca80eb9cc51a8ff174f22ca7401d333959e5e01b5e5559da4103,RuntimeError: P&R exit 1,,ifcn-examples-work/regular-final/cases/regular_heuristic/RES/TOY__par_gen/result.json,36678bd6e6e968203904e2d15d5f7311a9b633c96cfe4d640d72031a818a09b6,,,
main_run,,regular_heuristic,2DDWave,TOY__par_gen,tests/benchmarks_f/TOY/par_gen.v,../tests/benchmarks_f/TOY/par_gen.v,9b345754736a4fff843aee1499631f401cd5fe39214c7e649343a880eb028762,search_failed,False,,,,,,,,,,not_run,not_run,,not_run,not_run,,not_run,,,,,,,,,,,,ifcn-examples-work/regular-selection/final-manifest.json,ff4b6c1b73aeca80eb9cc51a8ff174f22ca7401d333959e5e01b5e5559da4103,RuntimeError: P&R exit 1,,ifcn-examples-work/regular-final/cases/regular_heuristic/2DDWave/TOY__par_gen/result.json,5c12a59b1eb6d052e8ae8a951a344a3d32d8098ab10cb1a6218ed6921b21ef8b,,,
main_run,,regular_heuristic,2DDWave,TOY__random_clock_cell_demo,tests/benchmarks_f/TOY/random_clock_cell_demo.v,../tests/benchmarks_f/TOY/random_clock_cell_demo.v,731d5a76e6cab60ab53b9f21cc220546326f89451beb6146c997f461b8a95f28,search_failed,False,,,,,,,,,,not_run,not_run,,not_run,not_run,,not_run,,,,,,,,,,,,ifcn-examples-work/regular-selection/final-manifest.json,ff4b6c1b73aeca80eb9cc51a8ff174f22ca7401d333959e5e01b5e5559da4103,RuntimeError: P&R exit 1,,ifcn-examples-work/regular-final/cases/regular_heuristic/2DDWave/TOY__random_clock_cell_demo/result.json,e22d568cd3a31bfa645930cdecf29731367fcbb9693d8b30cb7e4a7d5a8faa06,,,
main_run,,regular_heuristic,USE,TOY__random_clock_cell_demo,tests/benchmarks_f/TOY/random_clock_cell_demo.v,../tests/benchmarks_f/TOY/random_clock_cell_demo.v,731d5a76e6cab60ab53b9f21cc220546326f89451beb6146c997f461b8a95f28,search_failed,False,,,,,,,,,,not_run,not_run,,not_run,not_run,,not_run,,,,,,,,,,,,ifcn-examples-work/regular-selection/final-manifest.json,ff4b6c1b73aeca80eb9cc51a8ff174f22ca7401d333959e5e01b5e5559da4103,RuntimeError: P&R exit 1,,ifcn-examples-work/regular-final/cases/regular_heuristic/USE/TOY__random_clock_cell_demo/result.json,0d1d51cd758bb434ca55171abeffaac5104e037884d7e2bf9bb65b3180dcf9da,,,
main_run,,regular_heuristic,RES,TOY__random_clock_cell_demo,tests/benchmarks_f/TOY/random_clock_cell_demo.v,../tests/benchmarks_f/TOY/random_clock_cell_demo.v,731d5a76e6cab60ab53b9f21cc220546326f89451beb6146c997f461b8a95f28,search_failed,False,,,,,,,,,,not_run,not_run,,not_run,not_run,,not_run,,,,,,,,,,,,ifcn-examples-work/regular-selection/final-manifest.json,ff4b6c1b73aeca80eb9cc51a8ff174f22ca7401d333959e5e01b5e5559da4103,RuntimeError: P&R exit 1,,ifcn-examples-work/regular-final/cases/regular_heuristic/RES/TOY__random_clock_cell_demo/result.json,ee482b279ecb040b4c2a968af80f89c1612b786071232f17bc53688c6d1d8625,,,
main_run,,regular_heuristic,USE,TOY__t,tests/benchmarks_f/TOY/t.v,../tests/benchmarks_f/TOY/t.v,65580cb4a769d403f1955b0e20dd0992cbabe70951d7e5b3c2965cfc34bde2f9,search_failed,False,,,,,,,,,,not_run,not_run,,not_run,not_run,,not_run,,,,,,,,,,,,ifcn-examples-work/regular-selection/final-manifest.json,ff4b6c1b73aeca80eb9cc51a8ff174f22ca7401d333959e5e01b5e5559da4103,RuntimeError: P&R exit 1,,ifcn-examples-work/regular-final/cases/regular_heuristic/USE/TOY__t/result.json,e3bb472b05e1bb0dffb021245e2156e8404ed7383e2950b2d6f9067518201ff3,,,
main_run,,regular_heuristic,RES,TOY__t,tests/benchmarks_f/TOY/t.v,../tests/benchmarks_f/TOY/t.v,65580cb4a769d403f1955b0e20dd0992cbabe70951d7e5b3c2965cfc34bde2f9,search_failed,False,,,,,,,,,,not_run,not_run,,not_run,not_run,,not_run,,,,,,,,,,,,ifcn-examples-work/regular-selection/final-manifest.json,ff4b6c1b73aeca80eb9cc51a8ff174f22ca7401d333959e5e01b5e5559da4103,RuntimeError: P&R exit 1,,ifcn-examples-work/regular-final/cases/regular_heuristic/RES/TOY__t/result.json,4bd1bc98c4579b744cffd0fdb7e4deff68a911becc475076532669ec4408293b,,,
main_run,,regular_heuristic,USE,TOY__xnor2,tests/benchmarks_f/TOY/xnor2.v,../tests/benchmarks_f/TOY/xnor2.v,a3d96c67b447e43a703871aff932b89d9f08699b5b7e50d4360b9cf64c085464,search_failed,False,,,,,,,,,,not_run,not_run,,not_run,not_run,,not_run,,,,,,,,,,,,ifcn-examples-work/regular-selection/final-manifest.json,ff4b6c1b73aeca80eb9cc51a8ff174f22ca7401d333959e5e01b5e5559da4103,RuntimeError: P&R exit 1,,ifcn-examples-work/regular-final/cases/regular_heuristic/USE/TOY__xnor2/result.json,67199f2562afb6afc78a9c6f84e7a3f143102f6d49269e8f41828666177c84eb,,,
main_run,,regular_heuristic,2DDWave,TOY__t,tests/benchmarks_f/TOY/t.v,../tests/benchmarks_f/TOY/t.v,65580cb4a769d403f1955b0e20dd0992cbabe70951d7e5b3c2965cfc34bde2f9,search_failed,False,,,,,,,,,,not_run,not_run,,not_run,not_run,,not_run,,,,,,,,,,,,ifcn-examples-work/regular-selection/final-manifest.json,ff4b6c1b73aeca80eb9cc51a8ff174f22ca7401d333959e5e01b5e5559da4103,RuntimeError: P&R exit 1,,ifcn-examples-work/regular-final/cases/regular_heuristic/2DDWave/TOY__t/result.json,e27573925994585f633705b3b9d2a4c04d2bcc6d6dea0e38a86542889d9ab3eb,,,
main_run,,regular_heuristic,RES,TOY__xnor2,tests/benchmarks_f/TOY/xnor2.v,../tests/benchmarks_f/TOY/xnor2.v,a3d96c67b447e43a703871aff932b89d9f08699b5b7e50d4360b9cf64c085464,validated,True,examples/regular_heuristic/RES/TOY/xnor2.ifcn,../examples/regular_heuristic/RES/TOY/xnor2.ifcn,489211bdd4f11e432e05378b656c40b8db67cf257e73e311be214022f22e8748,415fcfe47fd268e8953368b09bbbd5a5386958f4dd26faa81513229eabde5d9a,4cb6616b31ee8387bacac8ab353b316b9a6374860bdc0e8d52cffde07ddd6fce,8,5,40,140,passed,equivalent,4,passed,not_run,,not_run,,,,,,,,,,regular-final,True,ifcn-examples-work/regular-selection/final-manifest.json,ff4b6c1b73aeca80eb9cc51a8ff174f22ca7401d333959e5e01b5e5559da4103,,"Physical passes first, then minimum area/cells among recorded current-revalidated same-source/scheme candidates; historical selection=False; Phase map encoded as 4x4 packed hex; geometry unchanged; current-mapper QCA bytes and SHA-256 identical before/after encoding.",ifcn-examples-work/regular-final/cases/regular_heuristic/RES/TOY__xnor2/result.json,cf00e5860ca51309330ee5752a9fe26071397ee3c4b37913a4883fb284b75362,,,ee84b825895bc62e28b302dcde379534a016f4b65f6fdb6ef8e4f57c8f57a4fe
main_run,,regular_heuristic,2DDWave,TOY__xnor2,tests/benchmarks_f/TOY/xnor2.v,../tests/benchmarks_f/TOY/xnor2.v,a3d96c67b447e43a703871aff932b89d9f08699b5b7e50d4360b9cf64c085464,validated,True,examples/regular_heuristic/2DDWave/TOY/xnor2.ifcn,../examples/regular_heuristic/2DDWave/TOY/xnor2.ifcn,99ae7a3a19819dc85d943ada95aa24485db75e5549594c48484e2e0e3a494316,831b455b08ed216157427f68a8ac94f599098a9e62e7fd6a769133caa0dae8f9,846734c575716ff8ae0e9c4d562983e89cf205719f63d35059508352b7f54aff,5,5,25,100,passed,equivalent,4,passed,not_run,,not_run,,,,,,,,,,regular-final,True,ifcn-examples-work/regular-selection/final-manifest.json,ff4b6c1b73aeca80eb9cc51a8ff174f22ca7401d333959e5e01b5e5559da4103,,"Physical passes first, then minimum area/cells among recorded current-revalidated same-source/scheme candidates; historical selection=False; Phase map encoded as 4x4 packed hex; geometry unchanged; current-mapper QCA bytes and SHA-256 identical before/after encoding.",ifcn-examples-work/regular-final/cases/regular_heuristic/2DDWave/TOY__xnor2/result.json,16a44a3be09ca686d5511282dee9b85386ced09cd2125fe1b414a52ddcf6d510,,,c90bd31cceddcf49dcdbf6bd85d0b0ff88a74b3c224fe2822d8daf5815706bac
main_run,,regular_2ddwave,2DDWave,TOY__xnor2,tests/benchmarks_f/TOY/xnor2.v,../tests/benchmarks_f/TOY/xnor2.v,a3d96c67b447e43a703871aff932b89d9f08699b5b7e50d4360b9cf64c085464,validated,True,examples/regular_2ddwave/TOY/xnor2.ifcn,../examples/regular_2ddwave/TOY/xnor2.ifcn,ad1e989f47227a0407eb1264853a731e11be7fc92b93206d43b75f593cf73774,c6ee801ee43445eab381fde5ae967c0832946d3136d49a83930d393bc77d96d7,44c129b82cec861c7d77ff6ae312d1b8403f09391763dbe6b6308c6f00d92001,3,5,15,81,passed,equivalent,4,passed,not_run,,not_run,,,,,,,,,,regular-final,True,ifcn-examples-work/regular-selection/final-manifest.json,ff4b6c1b73aeca80eb9cc51a8ff174f22ca7401d333959e5e01b5e5559da4103,,"Physical passes first, then minimum area/cells among recorded current-revalidated same-source/scheme candidates; historical selection=False; Phase map encoded as 4x4 packed hex; geometry unchanged; current-mapper QCA bytes and SHA-256 identical before/after encoding.",ifcn-examples-work/regular-final/cases/regular_2ddwave/2DDWave/TOY__xnor2/result.json,a1e7c806622201409fa15a8e0513467fcc8d9730cf0380a5ec5815d28624e3bc,,,7005e28bf44fe7b5d808edc537bb69b1243ca2c9ea4d712fb9d6fa9f489652db
main_run,,regular_heuristic,USE,TOY__xnor2_source_generate__xnor2_source,tests/benchmarks_f/TOY/xnor2_source_generate/xnor2_source.v,../tests/benchmarks_f/TOY/xnor2_source_generate/xnor2_source.v,897155e498555c724932efc3b18447f0820dab8887feda40908dc0fd5d22045a,search_failed,False,,,,,,,,,,not_run,not_run,,not_run,not_run,,not_run,,,,,,,,,,,,ifcn-examples-work/regular-selection/final-manifest.json,ff4b6c1b73aeca80eb9cc51a8ff174f22ca7401d333959e5e01b5e5559da4103,RuntimeError: P&R exit 1,,ifcn-examples-work/regular-final/cases/regular_heuristic/USE/TOY__xnor2_source_generate__xnor2_source/result.json,d24367d1ab3133e9e209c118816d62f7f888757364e93aa978966be4efc21f67,,,
main_run,,regular_2ddwave,2DDWave,TOY__RCA2,tests/benchmarks_f/TOY/RCA2.v,../tests/benchmarks_f/TOY/RCA2.v,6bb7bb0f8df4d153052a87050e75049a3fbfb80ee2fa4bb27e3c0e06dae7dc51,search_failed,False,,,,,,,,,,not_run,not_run,,not_run,not_run,,not_run,,,,,,,,,,,,ifcn-examples-work/regular-selection/final-manifest.json,ff4b6c1b73aeca80eb9cc51a8ff174f22ca7401d333959e5e01b5e5559da4103,RuntimeError: P&R exit 1,,ifcn-examples-work/regular-final/cases/regular_2ddwave/2DDWave/TOY__RCA2/result.json,f05bcdf5b91cdc0df0a3c5f5e8b9bbe5196b136ec8e698a68f7f48de51f1339c,,,
main_run,,regular_heuristic,RES,TOY__xnor2_source_generate__xnor2_source,tests/benchmarks_f/TOY/xnor2_source_generate/xnor2_source.v,../tests/benchmarks_f/TOY/xnor2_source_generate/xnor2_source.v,897155e498555c724932efc3b18447f0820dab8887feda40908dc0fd5d22045a,validated,True,examples/regular_heuristic/RES/TOY/xnor2_source_generate/xnor2_source.ifcn,../examples/regular_heuristic/RES/TOY/xnor2_source_generate/xnor2_source.ifcn,afd7cd6c1a1880ad8c31837ff33739bf64211393ee5354a11e1cfb99df1b9af0,0e1685676cf78c4416255c396c88fb39dff61711e3710a1f284e6428bc19744a,4cb6616b31ee8387bacac8ab353b316b9a6374860bdc0e8d52cffde07ddd6fce,8,5,40,140,passed,equivalent,4,passed,not_run,,not_run,,,,,,,,,,regular-final,True,ifcn-examples-work/regular-selection/final-manifest.json,ff4b6c1b73aeca80eb9cc51a8ff174f22ca7401d333959e5e01b5e5559da4103,,"Physical passes first, then minimum area/cells among recorded current-revalidated same-source/scheme candidates; historical selection=False; Phase map encoded as 4x4 packed hex; geometry unchanged; current-mapper QCA bytes and SHA-256 identical before/after encoding.",ifcn-examples-work/regular-final/cases/regular_heuristic/RES/TOY__xnor2_source_generate__xnor2_source/result.json,34feb630de43805d4368afdcda9b11d40d2d3d9918b971ae2891dbb239290c47,,,fb712e6c120edd061ccbab8dcd3a83a494d7c62835e81de3576a2093b4b92ecb
main_run,,regular_heuristic,2DDWave,TOY__xnor2_source_generate__xnor2_source,tests/benchmarks_f/TOY/xnor2_source_generate/xnor2_source.v,../tests/benchmarks_f/TOY/xnor2_source_generate/xnor2_source.v,897155e498555c724932efc3b18447f0820dab8887feda40908dc0fd5d22045a,validated,True,examples/regular_heuristic/2DDWave/TOY/xnor2_source_generate/xnor2_source.ifcn,../examples/regular_heuristic/2DDWave/TOY/xnor2_source_generate/xnor2_source.ifcn,fb5ba8d1111982db8793ebfeb3b109af231b683dd58b530a9653ced46af865fb,df166769183fe37c36022d3fcee4036d4253335644db166567e7463e08f6b4af,846734c575716ff8ae0e9c4d562983e89cf205719f63d35059508352b7f54aff,5,5,25,100,passed,equivalent,4,passed,not_run,,not_run,,,,,,,,,,regular-final,True,ifcn-examples-work/regular-selection/final-manifest.json,ff4b6c1b73aeca80eb9cc51a8ff174f22ca7401d333959e5e01b5e5559da4103,,"Physical passes first, then minimum area/cells among recorded current-revalidated same-source/scheme candidates; historical selection=False; Phase map encoded as 4x4 packed hex; geometry unchanged; current-mapper QCA bytes and SHA-256 identical before/after encoding.",ifcn-examples-work/regular-final/cases/regular_heuristic/2DDWave/TOY__xnor2_source_generate__xnor2_source/result.json,ddfa0950ad6409c1cc149a2853f669ed1c2a993855c9e6a7789052407318ff44,,,c25438ded1d1c2986a9dd8ddd15e50d29478a53e51d49323f9f7f669e9781be1
main_run,,regular_heuristic,RES,TOY__xor2,tests/benchmarks_f/TOY/xor2.v,../tests/benchmarks_f/TOY/xor2.v,a609d8a0cfc61fb3d9e0c5c545009994ee3ec795a533ac3786d8a523d3ed80bf,validated,True,examples/regular_heuristic/RES/TOY/xor2.ifcn,../examples/regular_heuristic/RES/TOY/xor2.ifcn,b6cc30cad00c69144e59d24c0913a7cc1bdd3846b9293bbf214d26f07a0d25cb,66a9e077e48fc2da32f7eb152ceb288e54f86e7aefa7b386401d1c4ae0f459dd,9e41330415608e9cebbce68e9cb9c31d3c15f255d80ff04ee0fda9d7808f27c0,3,3,9,56,passed,equivalent,4,passed,not_run,,not_run,,,,,,,,,,regular-final,True,ifcn-examples-work/regular-selection/final-manifest.json,ff4b6c1b73aeca80eb9cc51a8ff174f22ca7401d333959e5e01b5e5559da4103,,"Physical passes first, then minimum area/cells among recorded current-revalidated same-source/scheme candidates; historical selection=False; Phase map encoded as 4x4 packed hex; geometry unchanged; current-mapper QCA bytes and SHA-256 identical before/after encoding.",ifcn-examples-work/regular-final/cases/regular_heuristic/RES/TOY__xor2/result.json,7040be7af1f7771953277cc3769cfa2cbc39f3d8dce5243a25d7a0b84be06ae6,,,f3023f81c7923abc62ca8682bfd2516bcea90075e229ff6aa5c052fd6a241fc5
main_run,,regular_2ddwave,2DDWave,TOY__xnor2_source_generate__xnor2_source,tests/benchmarks_f/TOY/xnor2_source_generate/xnor2_source.v,../tests/benchmarks_f/TOY/xnor2_source_generate/xnor2_source.v,897155e498555c724932efc3b18447f0820dab8887feda40908dc0fd5d22045a,validated,True,examples/regular_2ddwave/TOY/xnor2_source_generate/xnor2_source.ifcn,../examples/regular_2ddwave/TOY/xnor2_source_generate/xnor2_source.ifcn,ef0bde767b94fe7ae7c8bd8bd0aaf1d3f582854cfd104515b584c31d3cb55f12,c089566c2875e947fcb2991dc60dc3d4761be36bd5080f532ded14a4f82fe2c1,44c129b82cec861c7d77ff6ae312d1b8403f09391763dbe6b6308c6f00d92001,3,5,15,81,passed,equivalent,4,passed,not_run,,not_run,,,,,,,,,,regular-final,True,ifcn-examples-work/regular-selection/final-manifest.json,ff4b6c1b73aeca80eb9cc51a8ff174f22ca7401d333959e5e01b5e5559da4103,,"Physical passes first, then minimum area/cells among recorded current-revalidated same-source/scheme candidates; historical selection=False; Phase map encoded as 4x4 packed hex; geometry unchanged; current-mapper QCA bytes and SHA-256 identical before/after encoding.",ifcn-examples-work/regular-final/cases/regular_2ddwave/2DDWave/TOY__xnor2_source_generate__xnor2_source/result.json,423a63726624f3c8e11478567a942abd2cde98d2f190407392568043cd5013af,,,a7a1cae5ca7b64e5fa75fa84d9e7c61aa0175cf253d5e9d9b69c82395a30da01
main_run,,regular_heuristic,USE,TOY__xor2,tests/benchmarks_f/TOY/xor2.v,../tests/benchmarks_f/TOY/xor2.v,a609d8a0cfc61fb3d9e0c5c545009994ee3ec795a533ac3786d8a523d3ed80bf,validated,True,examples/regular_heuristic/USE/TOY/xor2.ifcn,../examples/regular_heuristic/USE/TOY/xor2.ifcn,6b6e4e7173f75fabd3d19531c6b24f80d8e244137f27b32d8ea601a9601fb50d,c7af853dc8d1e26874fa199334e310590bf4894fbddf77806e474d5ee8a75f3e,110fd4353deeb74be16d2823f7fc384360f7d6f77e009814b36dac5db7344f5f,3,3,9,56,passed,equivalent,4,passed,not_run,,not_run,,,,,,,,,,regular-final,True,ifcn-examples-work/regular-selection/final-manifest.json,ff4b6c1b73aeca80eb9cc51a8ff174f22ca7401d333959e5e01b5e5559da4103,,"Physical passes first, then minimum area/cells among recorded current-revalidated same-source/scheme candidates; historical selection=False; Phase map encoded as 4x4 packed hex; geometry unchanged; current-mapper QCA bytes and SHA-256 identical before/after encoding.",ifcn-examples-work/regular-final/cases/regular_heuristic/USE/TOY__xor2/result.json,69f86e2303c74f16eecc01480447f3096ae2e604c5538a6382b271af03c586f3,,,79b8acffd30227d003c21056257eac21a1314287ef5e694f1bcd6bd267d17aad
main_run,,regular_heuristic,2DDWave,TOY__xor2,tests/benchmarks_f/TOY/xor2.v,../tests/benchmarks_f/TOY/xor2.v,a609d8a0cfc61fb3d9e0c5c545009994ee3ec795a533ac3786d8a523d3ed80bf,validated,True,examples/regular_heuristic/2DDWave/TOY/xor2.ifcn,../examples/regular_heuristic/2DDWave/TOY/xor2.ifcn,65b011ba7c120b0f1d44644bbef64263c6a9be61ae4b740faf3b4c0de4a48c02,762990b960277de3bbcccd34d97a028aeb732476b32f2d1fc199b1e1e967f113,52d8cdebbbb8a0e215ac086aff9c58ccde049d6dfd6daf1f138e61016c59be42,5,8,40,155,passed,equivalent,4,passed,not_run,,not_run,,,,,,,,,,regular-pi,True,ifcn-examples-work/regular-selection/final-manifest.json,ff4b6c1b73aeca80eb9cc51a8ff174f22ca7401d333959e5e01b5e5559da4103,,"Physical passes first, then minimum area/cells among recorded current-revalidated same-source/scheme candidates; historical selection=True; Phase map encoded as 4x4 packed hex; geometry unchanged; current-mapper QCA bytes and SHA-256 identical before/after encoding.",ifcn-examples-work/regular-final/cases/regular_heuristic/2DDWave/TOY__xor2/result.json,2f65dabbe2fb97ab5eeea734454ee96ce9d2e5f390f739acafb94ca627d6b6d2,,,340e545031f5ea8fdfdb2648d9b8ed1db29d404cb27ae04d39c0248812ce959f
main_run,,regular_heuristic,RES,TOY__xor2_demo,tests/benchmarks_f/TOY/xor2_demo.v,../tests/benchmarks_f/TOY/xor2_demo.v,32b26243fc74b77e30b9c28ff515ed13cdd62c1035fab1066f32671606f5da9e,validated,True,examples/regular_heuristic/RES/TOY/xor2_demo.ifcn,../examples/regular_heuristic/RES/TOY/xor2_demo.ifcn,3d9c237a205b13f6cc258871fad8e616ae23fc404f929bead187ea4bc8a42ac8,00ed9c1f12ab4620f97abdf1a1693c31f765f1807a562b0e0e331a6e563c8ad2,4f1ee439d83eb6dd396260b5b7e899c1d476e318a835e56ad71deda872e2c6f3,3,3,9,56,passed,equivalent,4,passed,not_run,,not_run,,,,,,,,,,regular-final,True,ifcn-examples-work/regular-selection/final-manifest.json,ff4b6c1b73aeca80eb9cc51a8ff174f22ca7401d333959e5e01b5e5559da4103,,"Physical passes first, then minimum area/cells among recorded current-revalidated same-source/scheme candidates; historical selection=False; Phase map encoded as 4x4 packed hex; geometry unchanged; current-mapper QCA bytes and SHA-256 identical before/after encoding.",ifcn-examples-work/regular-final/cases/regular_heuristic/RES/TOY__xor2_demo/result.json,461fbda84a0ee043ddd8d822d98b9f00483b247f77da161f5fd26547cace547e,,,da7fd3a96f5c5322f329e6e5a1ec397f1b62b3321305c7f8eda8eec9db06aacf
main_run,,regular_heuristic,USE,TOY__xor2_demo,tests/benchmarks_f/TOY/xor2_demo.v,../tests/benchmarks_f/TOY/xor2_demo.v,32b26243fc74b77e30b9c28ff515ed13cdd62c1035fab1066f32671606f5da9e,validated,True,examples/regular_heuristic/USE/TOY/xor2_demo.ifcn,../examples/regular_heuristic/USE/TOY/xor2_demo.ifcn,91a2eaaea9320c327c26b354e4d4b4d2418848344b927dd70ef8b8de2c3261e3,5ea3106a39ed4a418bad7f87678256d8f7b81b0d942592352c008c0d13655ea7,627f86315c3377d2f12cbeb27c4398a13d2f98874940bb2a2880dc321201ab0d,3,3,9,56,passed,equivalent,4,passed,not_run,,not_run,,,,,,,,,,regular-final,True,ifcn-examples-work/regular-selection/final-manifest.json,ff4b6c1b73aeca80eb9cc51a8ff174f22ca7401d333959e5e01b5e5559da4103,,"Physical passes first, then minimum area/cells among recorded current-revalidated same-source/scheme candidates; historical selection=False; Phase map encoded as 4x4 packed hex; geometry unchanged; current-mapper QCA bytes and SHA-256 identical before/after encoding.",ifcn-examples-work/regular-final/cases/regular_heuristic/USE/TOY__xor2_demo/result.json,c172326411cc2f99db8893ff731b8584425c6d03270e0d038d2974cbd71167e8,,,1ca318667fdd34d1bab92c885d70673a0f75f4f271a4d3521fc30199050637c2
main_run,,regular_2ddwave,2DDWave,TOY__xor2,tests/benchmarks_f/TOY/xor2.v,../tests/benchmarks_f/TOY/xor2.v,a609d8a0cfc61fb3d9e0c5c545009994ee3ec795a533ac3786d8a523d3ed80bf,validated,True,examples/regular_2ddwave/TOY/xor2.ifcn,../examples/regular_2ddwave/TOY/xor2.ifcn,09c9b231ae7dc202260a7c0b52199c8d14e2496f2f150ff9dd71211843d400f5,4e3b47dcc6bd405473be8182a463538e1c94377191d2139a3a2b0528c9294ee3,6664c7cdc01fdd2a72dc575bf2b5ae796838bed1bbdd69c062afc230bc9b2866,3,4,12,74,passed,equivalent,4,passed,not_run,,not_run,,,,,,,,,,regular-final,True,ifcn-examples-work/regular-selection/final-manifest.json,ff4b6c1b73aeca80eb9cc51a8ff174f22ca7401d333959e5e01b5e5559da4103,,"Physical passes first, then minimum area/cells among recorded current-revalidated same-source/scheme candidates; historical selection=False; Phase map encoded as 4x4 packed hex; geometry unchanged; current-mapper QCA bytes and SHA-256 identical before/after encoding.",ifcn-examples-work/regular-final/cases/regular_2ddwave/2DDWave/TOY__xor2/result.json,05890e48eddd81cd3ba6b130bc27ecf9f85cc96e35be72ca11be80e818691825,,,e01718bd25e2c5ee3af924fad3269fa81ff7cc7630ef6fb5d450af86c782cff6
main_run,,regular_heuristic,2DDWave,TOY__xor2_demo,tests/benchmarks_f/TOY/xor2_demo.v,../tests/benchmarks_f/TOY/xor2_demo.v,32b26243fc74b77e30b9c28ff515ed13cdd62c1035fab1066f32671606f5da9e,validated,True,examples/regular_heuristic/2DDWave/TOY/xor2_demo.ifcn,../examples/regular_heuristic/2DDWave/TOY/xor2_demo.ifcn,ee0af807ded9c55274329ccc8f9e959ed3687ae1c32d995ae015afefa23eba6c,df827d3b45d50208741dc837b3d2db6e0c8538bfd9753b0ac57cf3671cb0ddfc,d44c59f51c6a2732d7952a659e87e6da395b827b83d429a286d388971f472e8f,5,3,15,84,passed,equivalent,4,passed,not_run,,not_run,,,,,,,,,,regular-final,True,ifcn-examples-work/regular-selection/final-manifest.json,ff4b6c1b73aeca80eb9cc51a8ff174f22ca7401d333959e5e01b5e5559da4103,,"Physical passes first, then minimum area/cells among recorded current-revalidated same-source/scheme candidates; historical selection=False; Phase map encoded as 4x4 packed hex; geometry unchanged; current-mapper QCA bytes and SHA-256 identical before/after encoding.",ifcn-examples-work/regular-final/cases/regular_heuristic/2DDWave/TOY__xor2_demo/result.json,7d72f56b27afa3472c9dcc00deadacbae0f1f982bf8ff42218efb5c07e964997,,,f165a4b34cce655668e92f94a98e6825f896a10898b0e11096afbec240f97609
main_run,,regular_heuristic,USE,TOY__xor2_source_generate__xor2_source,tests/benchmarks_f/TOY/xor2_source_generate/xor2_source.v,../tests/benchmarks_f/TOY/xor2_source_generate/xor2_source.v,4a4c0921bbb4cf4dc14917d591c1ef974bc0e0922a47906c7ff4676a47a4d4f0,validated,True,examples/regular_heuristic/USE/TOY/xor2_source_generate/xor2_source.ifcn,../examples/regular_heuristic/USE/TOY/xor2_source_generate/xor2_source.ifcn,cc6c3bcbce07c5b1d8a3536d726c1c72c195eee4bb9a08f81c928c5a9a833b37,5cecca081cd0417bd42ad59faafae66673a4e7decf56843c738208140986a9a6,110fd4353deeb74be16d2823f7fc384360f7d6f77e009814b36dac5db7344f5f,3,3,9,56,passed,equivalent,4,passed,not_run,,not_run,,,,,,,,,,regular-final,True,ifcn-examples-work/regular-selection/final-manifest.json,ff4b6c1b73aeca80eb9cc51a8ff174f22ca7401d333959e5e01b5e5559da4103,,"Physical passes first, then minimum area/cells among recorded current-revalidated same-source/scheme candidates; historical selection=False; Phase map encoded as 4x4 packed hex; geometry unchanged; current-mapper QCA bytes and SHA-256 identical before/after encoding.",ifcn-examples-work/regular-final/cases/regular_heuristic/USE/TOY__xor2_source_generate__xor2_source/result.json,a50c7eed3c1cfee2c1cb1bb6f8f27a2bee7e2340fe44966d883cf734818b29f9,,,5eb2946e8cbf09d02d05c45dacf234d439cbe426b0cf7b52c4256889abc95a00
main_run,,regular_heuristic,RES,TOY__xor2_source_generate__xor2_source,tests/benchmarks_f/TOY/xor2_source_generate/xor2_source.v,../tests/benchmarks_f/TOY/xor2_source_generate/xor2_source.v,4a4c0921bbb4cf4dc14917d591c1ef974bc0e0922a47906c7ff4676a47a4d4f0,validated,True,examples/regular_heuristic/RES/TOY/xor2_source_generate/xor2_source.ifcn,../examples/regular_heuristic/RES/TOY/xor2_source_generate/xor2_source.ifcn,a4b3b6c073a845ffedd800bd10cfd583876e3a5c39354b128ab0240df290e53b,326fdec9cdf2408455c5a95004bfad83979c31ff7d25aad062193c6dbca923ed,9e41330415608e9cebbce68e9cb9c31d3c15f255d80ff04ee0fda9d7808f27c0,3,3,9,56,passed,equivalent,4,passed,not_run,,not_run,,,,,,,,,,regular-final,True,ifcn-examples-work/regular-selection/final-manifest.json,ff4b6c1b73aeca80eb9cc51a8ff174f22ca7401d333959e5e01b5e5559da4103,,"Physical passes first, then minimum area/cells among recorded current-revalidated same-source/scheme candidates; historical selection=False; Phase map encoded as 4x4 packed hex; geometry unchanged; current-mapper QCA bytes and SHA-256 identical before/after encoding.",ifcn-examples-work/regular-final/cases/regular_heuristic/RES/TOY__xor2_source_generate__xor2_source/result.json,e73de77f113a27d7e6619f55a2e68587e28d5693f17800083ea274101cb2ead4,,,87d31096615e72f213f75f63fafbd91d912f36153fd83c7be4adcd112348140d
main_run,,regular_2ddwave,2DDWave,TOY__xor2_demo,tests/benchmarks_f/TOY/xor2_demo.v,../tests/benchmarks_f/TOY/xor2_demo.v,32b26243fc74b77e30b9c28ff515ed13cdd62c1035fab1066f32671606f5da9e,validated,True,examples/regular_2ddwave/TOY/xor2_demo.ifcn,../examples/regular_2ddwave/TOY/xor2_demo.ifcn,81e61a78eb879d54fb02e757960eec957cce93b5bf445de7768c6587d6509281,84255883ce79e599d8a99ec8d2da048d58754980680e66726bab0a3328f6118e,317cbc5d44bb483f21771ea85d139eb47686f99ab391b81e249365532a01c21c,3,4,12,74,passed,equivalent,4,passed,passed_exhaustive,Bistable,exhaustive,4,4,8,128,2,3,0.5,1560,,regular-final,True,ifcn-examples-work/regular-selection/final-manifest.json,ff4b6c1b73aeca80eb9cc51a8ff174f22ca7401d333959e5e01b5e5559da4103,,"Physical passes first, then minimum area/cells among recorded current-revalidated same-source/scheme candidates; historical selection=False; Phase map encoded as 4x4 packed hex; geometry unchanged; current-mapper QCA bytes and SHA-256 identical before/after encoding.",ifcn-examples-work/regular-final/cases/regular_2ddwave/2DDWave/TOY__xor2_demo/result.json,e9789ba11168f64d6674b22173bd7403616a1ea2d0e46eaa766e3ee3b423dda2,ifcn-readme-final-audit/bistable_function.json,5e459bdb359862c4263924dfa0fa609c3e75bf73d27f4610ea808e94cac72992,da3daf6cd724ec528052e1407807b6ee2b4027e7e04c3f4e0c218e99af5194a0
main_run,,regular_heuristic,2DDWave,TOY__xor2_source_generate__xor2_source,tests/benchmarks_f/TOY/xor2_source_generate/xor2_source.v,../tests/benchmarks_f/TOY/xor2_source_generate/xor2_source.v,4a4c0921bbb4cf4dc14917d591c1ef974bc0e0922a47906c7ff4676a47a4d4f0,validated,True,examples/regular_heuristic/2DDWave/TOY/xor2_source_generate/xor2_source.ifcn,../examples/regular_heuristic/2DDWave/TOY/xor2_source_generate/xor2_source.ifcn,005b8015b771832d08197d6991e8d032eebf650b6eb6075b938a2b298f92c553,2700d58ed66c5613c625e694fa0d4ddddd2f093b091024bd63be119aefd8a24a,da4467e51f7a3a90dff042c4881c9c01f93f3fadfb665ad6013e30467702f46e,6,7,42,144,passed,equivalent,4,passed,not_run,,not_run,,,,,,,,,,regular-pi,True,ifcn-examples-work/regular-selection/final-manifest.json,ff4b6c1b73aeca80eb9cc51a8ff174f22ca7401d333959e5e01b5e5559da4103,,"Physical passes first, then minimum area/cells among recorded current-revalidated same-source/scheme candidates; historical selection=True; Phase map encoded as 4x4 packed hex; geometry unchanged; current-mapper QCA bytes and SHA-256 identical before/after encoding.",ifcn-examples-work/regular-final/cases/regular_heuristic/2DDWave/TOY__xor2_source_generate__xor2_source/result.json,b01d8c3ad6439c4c3f7bf3238edf5c35543dc31426f3bc91253e74edb0ed5ee4,,,4f36a56e29e94dc5bd00eeac40a884df60f89f26813b0b5a4a35117e3578a197
main_run,,regular_2ddwave,2DDWave,TOY__random_clock_cell_demo,tests/benchmarks_f/TOY/random_clock_cell_demo.v,../tests/benchmarks_f/TOY/random_clock_cell_demo.v,731d5a76e6cab60ab53b9f21cc220546326f89451beb6146c997f461b8a95f28,validated,True,examples/regular_2ddwave/TOY/random_clock_cell_demo.ifcn,../examples/regular_2ddwave/TOY/random_clock_cell_demo.ifcn,555a061d7cd2f7dea0751c76a0cd329c187bba5547ef9f868d043ab5a20a1a36,dc75f855e5421cfa6d53596aae6267d4e3cd4521cbb4c810471dcf930b28a9d9,cc1b2dcf0ebe039b895e53da35fd4666b14a809b429eb026cb6a289131e6f208,31,17,527,1084,passed,equivalent,16,passed,not_run,,not_run,,,,,,,,,,regular-final,True,ifcn-examples-work/regular-selection/final-manifest.json,ff4b6c1b73aeca80eb9cc51a8ff174f22ca7401d333959e5e01b5e5559da4103,,"Physical passes first, then minimum area/cells among recorded current-revalidated same-source/scheme candidates; historical selection=False; Phase map encoded as 4x4 packed hex; geometry unchanged; current-mapper QCA bytes and SHA-256 identical before/after encoding.",ifcn-examples-work/regular-final/cases/regular_2ddwave/2DDWave/TOY__random_clock_cell_demo/result.json,781aab8e04f406459d4a2892127d27b218d321720ca49b6f50fed5fa12cb974a,,,48f70eb9210843d4c3444d958ed723ce4d13be53d92dc5a96f59efb28d55ead5
main_run,,regular_2ddwave,2DDWave,TOY__xor2_source_generate__xor2_source,tests/benchmarks_f/TOY/xor2_source_generate/xor2_source.v,../tests/benchmarks_f/TOY/xor2_source_generate/xor2_source.v,4a4c0921bbb4cf4dc14917d591c1ef974bc0e0922a47906c7ff4676a47a4d4f0,validated,True,examples/regular_2ddwave/TOY/xor2_source_generate/xor2_source.ifcn,../examples/regular_2ddwave/TOY/xor2_source_generate/xor2_source.ifcn,89a00990e57453e0e91abfbde65a0ff87cddec5c8e91325cd4b58c90bfeb5114,70db830c24193d2058b655e74171de63c95886417904058355de559a745a2254,6664c7cdc01fdd2a72dc575bf2b5ae796838bed1bbdd69c062afc230bc9b2866,3,4,12,74,passed,equivalent,4,passed,not_run,,not_run,,,,,,,,,,regular-final,True,ifcn-examples-work/regular-selection/final-manifest.json,ff4b6c1b73aeca80eb9cc51a8ff174f22ca7401d333959e5e01b5e5559da4103,,"Physical passes first, then minimum area/cells among recorded current-revalidated same-source/scheme candidates; historical selection=False; Phase map encoded as 4x4 packed hex; geometry unchanged; current-mapper QCA bytes and SHA-256 identical before/after encoding.",ifcn-examples-work/regular-final/cases/regular_2ddwave/2DDWave/TOY__xor2_source_generate__xor2_source/result.json,7acf67e3c5544b540db27546a8ce4a70d57a666a04c69b681d988063f8b243a1,,,d4b678296d9390df8c1ef57f68d4805c8a790c1aa6f94a39a66d38222bd6dd37
main_run,,regular_2ddwave,2DDWave,TOY__t,tests/benchmarks_f/TOY/t.v,../tests/benchmarks_f/TOY/t.v,65580cb4a769d403f1955b0e20dd0992cbabe70951d7e5b3c2965cfc34bde2f9,validated,True,examples/regular_2ddwave/TOY/t.ifcn,../examples/regular_2ddwave/TOY/t.ifcn,712b21a641ba36bb97318adc510dd286ecccd6b72cf75b46a32256e99e85f8b5,e749388bf790628cd165ac92c4e202d660bcec43d7d3ca3fa8b3c72af860081a,683766025b83a3f1bc66f6f1450ba10572d170888552b630f951526d577f5bef,19,16,304,721,passed,equivalent,32,passed,not_run,,not_run,,,,,,,,,,regular-final,True,ifcn-examples-work/regular-selection/final-manifest.json,ff4b6c1b73aeca80eb9cc51a8ff174f22ca7401d333959e5e01b5e5559da4103,,"Physical passes first, then minimum area/cells among recorded current-revalidated same-source/scheme candidates; historical selection=False; Phase map encoded as 4x4 packed hex; geometry unchanged; current-mapper QCA bytes and SHA-256 identical before/after encoding.",ifcn-examples-work/regular-final/cases/regular_2ddwave/2DDWave/TOY__t/result.json,106519bf4b851a236fd30e14c0827bdfd111aa75c3a0b62a84ace702d62df799,,,9216b793fa0c24aaa011703394e7026a187370cbf68c1dd0c858ae19c2f33e7f
main_run,,regular_2ddwave,2DDWave,TOY__xor5R,tests/benchmarks_f/TOY/xor5R.v,../tests/benchmarks_f/TOY/xor5R.v,8139d222736c073dccf0a16e6f711dc05e3a3912e283f8a21c082a068b15661f,validated,True,examples/regular_2ddwave/TOY/xor5R__drc_only.ifcn,../examples/regular_2ddwave/TOY/xor5R__drc_only.ifcn,b55e12a3cd9ec36e6f5692702d93e33ac12a8cb286402a5c61a0a9e31cfd165f,1deb42d07a73993d05e438cbe9b8e5f1974d7153deb183a6b0ec32c081ee50bb,aebf27603fb34955e1515690bc663b205a2abe230fefb4020478ad56586ffefd,16,14,224,669,passed,equivalent,32,passed,failed,Bistable,exhaustive,32,32,16,128,2,3,0.5,12480,,regular-final,True,ifcn-examples-work/regular-selection/final-manifest.json,ff4b6c1b73aeca80eb9cc51a8ff174f22ca7401d333959e5e01b5e5559da4103,Recorded settled physical truth failure,"Physical passes first, then minimum area/cells among recorded current-revalidated same-source/scheme candidates; historical selection=False; Phase map encoded as 4x4 packed hex; geometry unchanged; current-mapper QCA bytes and SHA-256 identical before/after encoding.",ifcn-examples-work/regular-final/cases/regular_2ddwave/2DDWave/TOY__xor5R/result.json,8ef3b93443f45f572abf45ccb6c56b4b0fb966079532b6ea73018295388e98a7,ifcn-examples-work/fixed-launch-review/repaired/xor5R/physical/report.json,5f6a4c721d4e4bc9dfa49bd5bb0220a198f67e9f88722f6ce9dba43b09dfda42,e6f053b1c4f0a2360e8138d722b57a7c55783aadba3e7208490cc512b57a00c1
main_run,,regular_heuristic,RES,TOY__xor5R,tests/benchmarks_f/TOY/xor5R.v,../tests/benchmarks_f/TOY/xor5R.v,8139d222736c073dccf0a16e6f711dc05e3a3912e283f8a21c082a068b15661f,search_failed,False,,,,,,,,,,not_run,not_run,,not_run,not_run,,not_run,,,,,,,,,,,,ifcn-examples-work/regular-selection/final-manifest.json,ff4b6c1b73aeca80eb9cc51a8ff174f22ca7401d333959e5e01b5e5559da4103,RuntimeError: P&R exit 1,,ifcn-examples-work/regular-final/cases/regular_heuristic/RES/TOY__xor5R/result.json,6680cd0e1513b41512a75eb4d0c17404122b13bf338e4ee20a67b1b015f5d446,,,
main_run,,regular_heuristic,2DDWave,TOY__xor5R,tests/benchmarks_f/TOY/xor5R.v,../tests/benchmarks_f/TOY/xor5R.v,8139d222736c073dccf0a16e6f711dc05e3a3912e283f8a21c082a068b15661f,search_failed,False,,,,,,,,,,not_run,not_run,,not_run,not_run,,not_run,,,,,,,,,,,,ifcn-examples-work/regular-selection/final-manifest.json,ff4b6c1b73aeca80eb9cc51a8ff174f22ca7401d333959e5e01b5e5559da4103,RuntimeError: P&R exit 1,,ifcn-examples-work/regular-final/cases/regular_heuristic/2DDWave/TOY__xor5R/result.json,607b2c3a058c3ff2bfca59b2c86c1ea8c35ecd38f40c55768aad9d8fe3970226,,,
main_run,,regular_heuristic,USE,TOY__xor5R,tests/benchmarks_f/TOY/xor5R.v,../tests/benchmarks_f/TOY/xor5R.v,8139d222736c073dccf0a16e6f711dc05e3a3912e283f8a21c082a068b15661f,search_failed,False,,,,,,,,,,not_run,not_run,,not_run,not_run,,not_run,,,,,,,,,,,,ifcn-examples-work/regular-selection/final-manifest.json,ff4b6c1b73aeca80eb9cc51a8ff174f22ca7401d333959e5e01b5e5559da4103,RuntimeError: P&R exit 1,,ifcn-examples-work/regular-final/cases/regular_heuristic/USE/TOY__xor5R/result.json,f351fe015445ef481aac913774eb62366b93461bddda66731ec2d8f37619c05e,,,
extra_attempt,2,regular_2ddwave,2DDWave,TOY__RCA2,tests/benchmarks_f/TOY/RCA2.v,../tests/benchmarks_f/TOY/RCA2.v,6bb7bb0f8df4d153052a87050e75049a3fbfb80ee2fa4bb27e3c0e06dae7dc51,search_failed,False,,,,,,,,,,not_run,not_run,,not_run,not_run,,not_run,,,,,,,,,,,,ifcn-examples-work/regular-rca2-seed2/summary.json,2d09e452511d3c70fb64329590ed63fdd39563a3c2dbb48cfb177e992285736d,Additional bounded seed search failed; no completed legal layout,,,,,,
extra_attempt,3,regular_2ddwave,2DDWave,TOY__RCA2,tests/benchmarks_f/TOY/RCA2.v,../tests/benchmarks_f/TOY/RCA2.v,6bb7bb0f8df4d153052a87050e75049a3fbfb80ee2fa4bb27e3c0e06dae7dc51,search_failed,False,,,,,,,,,,not_run,not_run,,not_run,not_run,,not_run,,,,,,,,,,,,ifcn-examples-work/regular-rca2-seed3/summary.json,5093b88afa87391728cba9f4698cc4674e364957cb5fc13215faef26c17bed77,Additional bounded seed search failed; no completed legal layout,,,,,,
main_run,,sequential_register_cut,sequential,SEQUENTIAL__toggle_ff_cut,tests/benchmarks_f/SEQUENTIAL/rtl_v/toggle_ff_cut.v,../tests/benchmarks_f/SEQUENTIAL/rtl_v/toggle_ff_cut.v,33a86cd844dc7d9edeb947bb6867e7a7a59c62a35d03f82d5526e1dc63f41cd4,validated,True,examples/sequential/register_cut/toggle_ff.ifcn,../examples/sequential/register_cut/toggle_ff.ifcn,9cbc8cbfcce83d3144d105faac7fb7776c183f0d1f0ee2c94caca465f9b159fa,,d835a03cced6998b65ea5a87331c0760166f88299257bb74c5c9cd81dc491568,1,11,11,54,native_ordered_route_tiles_passed,not_run,,passed,not_characterized,,state_uncharacterized,,,,,,,,,4,native_sequential_generation,True,ifcn-examples-work/sequential/manifest.json,aac53b81e821e9940906be4b9025b26617f80708832a34656a327dbf03d89c9e,,II=4 ordered tile clocks and actual mapping; no state-device functional characterization; Phase map encoded as 4x4 packed hex; geometry unchanged; current-mapper QCA bytes and SHA-256 identical before/after encoding.,,,,,2c2b77c58828620d09ae92e371cd97276dcd665eaa487be27437f8f818c172d7
main_run,,sequential_cyclic,sequential,SEQUENTIAL__toggle_ff_cut,tests/benchmarks_f/SEQUENTIAL/rtl_v/toggle_ff_cut.v,../tests/benchmarks_f/SEQUENTIAL/rtl_v/toggle_ff_cut.v,33a86cd844dc7d9edeb947bb6867e7a7a59c62a35d03f82d5526e1dc63f41cd4,validated,True,examples/sequential/cyclic/toggle_ff.ifcn,../examples/sequential/cyclic/toggle_ff.ifcn,b72fcf95fe055d5bb7f09fab9e586eae46aa6f3d09ed3e3ed530cee3455f89ef,,82f2bbb9c03340b593a75101368fc84d2cf7356bc6c52c4002a71015450dc467,2,2,4,19,native_ordered_route_tiles_passed,not_run,,passed,not_characterized,,state_uncharacterized,,,,,,,,,4,native_sequential_generation,True,ifcn-examples-work/sequential/manifest.json,aac53b81e821e9940906be4b9025b26617f80708832a34656a327dbf03d89c9e,,II=4 ordered tile clocks and actual mapping; no state-device functional characterization; Phase map encoded as 4x4 packed hex; geometry unchanged; current-mapper QCA bytes and SHA-256 identical before/after encoding.,,,,,bdfec83e9ecfd70677ccab80232441081b65f391f0ec61dc6f90501adf81b9fd
retest,,regular_heuristic,2DDWave,TOY__mux41,tests/benchmarks_f/TOY/mux41.v,../tests/benchmarks_f/TOY/mux41.v,b8743fb320684d98b30060ee5a5b70ab5099ec814906e78680ca71c36f014959,validated,True,examples/regular_heuristic/2DDWave/TOY/mux41.ifcn,../examples/regular_heuristic/2DDWave/TOY/mux41.ifcn,6e9d490563b5fbf2e4655579800a86d86e514397aa63e7bb7ccc69bdde30e7cc,369e159527f4c2380f636a70f28f39e256ad74e627b13fc54ac397e79d2f661f,aae68a4d287ed359124295340ded9f6511fae3588791a7c4efa986b24199bd31,18,16,288,626,passed,equivalent,64,passed,not_run,,not_run,,,,,,,,,,ga_elitism_retest,True,/tmp/ifcn-ga-mux41-repaired/promotion/manifest.json,899dcd9219d1bdb4a1b5e24c4e5daa8268569bb907beb2671c71af7071ead075,,"GA elitism repair; 96 generations, population 128, grid 20x20, crossover 0.9, mutation 0.3, stop at first legal result; packed writer with explicit complete fixed template; title normalized only; QCA byte-identical to validated candidate. Other recorded searches: 24x24/mutation 0.5 failed; 16x24/mutation 0.5 passed at 322 tiles/813 cells and was not selected; their full evidence and hashes are retained in the promotion manifest. Physical waveform not run.",/tmp/ifcn-ga-mux41-repaired/tdd20/summary.json,6243a1a6419be8cf9987d453110a031eab47b0b2f6fe3c68e2703c1985c166bd,,,
